Timestamp,Actual,Naive
2023-08-12 00:00:00+00:00,29415.0,29398.0
2023-08-13 00:00:00+00:00,29284.0,29415.0
2023-08-14 00:00:00+00:00,29408.0,29284.0
2023-08-15 00:00:00+00:00,29172.0,29408.0
2023-08-16 00:00:00+00:00,28701.0,29172.0
2023-08-17 00:00:00+00:00,26642.0,28701.0
2023-08-18 00:00:00+00:00,26051.0,26642.0
2023-08-19 00:00:00+00:00,26097.0,26051.0
2023-08-20 00:00:00+00:00,26192.0,26097.0
2023-08-21 00:00:00+00:00,26125.0,26192.0
2023-08-22 00:00:00+00:00,26042.0,26125.0
2023-08-23 00:00:00+00:00,26431.0,26042.0
2023-08-24 00:00:00+00:00,26168.0,26431.0
2023-08-25 00:00:00+00:00,26048.0,26168.0
2023-08-26 00:00:00+00:00,26008.0,26048.0
2023-08-27 00:00:00+00:00,26090.0,26008.0
2023-08-28 00:00:00+00:00,26103.0,26090.0
2023-08-29 00:00:00+00:00,27726.0,26103.0
2023-08-30 00:00:00+00:00,27300.0,27726.0
2023-08-31 00:00:00+00:00,25932.0,27300.0
2023-09-01 00:00:00+00:00,25798.0,25932.0
2023-09-02 00:00:00+00:00,25870.0,25798.0
2023-09-03 00:00:00+00:00,25970.0,25870.0
2023-09-04 00:00:00+00:00,25819.0,25970.0
2023-09-05 00:00:00+00:00,25783.0,25819.0
2023-09-06 00:00:00+00:00,25748.0,25783.0
2023-09-07 00:00:00+00:00,26245.0,25748.0
2023-09-08 00:00:00+00:00,25908.0,26245.0
2023-09-09 00:00:00+00:00,25899.0,25908.0
2023-09-10 00:00:00+00:00,25836.0,25899.0
2023-09-11 00:00:00+00:00,25155.0,25836.0
2023-09-12 00:00:00+00:00,25844.0,25155.0
2023-09-13 00:00:00+00:00,26226.0,25844.0
2023-09-14 00:00:00+00:00,26529.0,26226.0
2023-09-15 00:00:00+00:00,26607.0,26529.0
2023-09-16 00:00:00+00:00,26571.0,26607.0
2023-09-17 00:00:00+00:00,26535.0,26571.0
2023-09-18 00:00:00+00:00,26770.0,26535.0
2023-09-19 00:00:00+00:00,27214.0,26770.0
2023-09-20 00:00:00+00:00,27128.0,27214.0
2023-09-21 00:00:00+00:00,26563.0,27128.0
2023-09-22 00:00:00+00:00,26581.0,26563.0
2023-09-23 00:00:00+00:00,26583.0,26581.0
2023-09-24 00:00:00+00:00,26248.0,26583.0
2023-09-25 00:00:00+00:00,26297.0,26248.0
2023-09-26 00:00:00+00:00,26208.0,26297.0
2023-09-27 00:00:00+00:00,26361.0,26208.0
2023-09-28 00:00:00+00:00,27026.0,26361.0
2023-09-29 00:00:00+00:00,26911.0,27026.0
2023-09-30 00:00:00+00:00,26966.0,26911.0
2023-10-01 00:00:00+00:00,27995.0,26966.0
2023-10-02 00:00:00+00:00,27507.0,27995.0
2023-10-03 00:00:00+00:00,27435.0,27507.0
2023-10-04 00:00:00+00:00,27790.0,27435.0
2023-10-05 00:00:00+00:00,27417.0,27790.0
2023-10-06 00:00:00+00:00,27948.0,27417.0
2023-10-07 00:00:00+00:00,27971.0,27948.0
2023-10-08 00:00:00+00:00,27933.0,27971.0
2023-10-09 00:00:00+00:00,27594.0,27933.0
2023-10-10 00:00:00+00:00,27395.0,27594.0
2023-10-11 00:00:00+00:00,26874.0,27395.0
2023-10-12 00:00:00+00:00,26756.0,26874.0
2023-10-13 00:00:00+00:00,26867.0,26756.0
2023-10-14 00:00:00+00:00,26855.0,26867.0
2023-10-15 00:00:00+00:00,27174.0,26855.0
2023-10-16 00:00:00+00:00,28518.0,27174.0
2023-10-17 00:00:00+00:00,28408.0,28518.0
2023-10-18 00:00:00+00:00,28328.0,28408.0
2023-10-19 00:00:00+00:00,28733.0,28328.0
2023-10-20 00:00:00+00:00,29688.0,28733.0
2023-10-21 00:00:00+00:00,29927.0,29688.0
2023-10-22 00:00:00+00:00,30002.0,29927.0
2023-10-23 00:00:00+00:00,33074.0,30002.0
2023-10-24 00:00:00+00:00,33917.0,33074.0
2023-10-25 00:00:00+00:00,34498.0,33917.0
2023-10-26 00:00:00+00:00,34165.0,34498.0
2023-10-27 00:00:00+00:00,33906.0,34165.0
2023-10-28 00:00:00+00:00,34091.0,33906.0
2023-10-29 00:00:00+00:00,34538.0,34091.0
2023-10-30 00:00:00+00:00,34495.0,34538.0
2023-10-31 00:00:00+00:00,34661.0,34495.0
2023-11-01 00:00:00+00:00,35440.0,34661.0
2023-11-02 00:00:00+00:00,34937.0,35440.0
2023-11-03 00:00:00+00:00,34727.0,34937.0
2023-11-04 00:00:00+00:00,35086.0,34727.0
2023-11-05 00:00:00+00:00,35045.0,35086.0
2023-11-06 00:00:00+00:00,35042.0,35045.0
2023-11-07 00:00:00+00:00,35414.0,35042.0
2023-11-08 00:00:00+00:00,35640.0,35414.0
2023-11-09 00:00:00+00:00,36693.0,35640.0
2023-11-10 00:00:00+00:00,37319.0,36693.0
2023-11-11 00:00:00+00:00,37152.0,37319.0
2023-11-12 00:00:00+00:00,37086.0,37152.0
2023-11-13 00:00:00+00:00,36485.0,37086.0
2023-11-14 00:00:00+00:00,35564.0,36485.0
2023-11-15 00:00:00+00:00,37877.0,35564.0
2023-11-16 00:00:00+00:00,36165.0,37877.0
2023-11-17 00:00:00+00:00,36625.0,36165.0
2023-11-18 00:00:00+00:00,36590.0,36625.0
2023-11-19 00:00:00+00:00,37426.0,36590.0
2023-11-20 00:00:00+00:00,37480.0,37426.0
2023-11-21 00:00:00+00:00,35758.0,37480.0
2023-11-22 00:00:00+00:00,37424.0,35758.0
2023-11-23 00:00:00+00:00,37301.0,37424.0
2023-11-24 00:00:00+00:00,37746.0,37301.0
2023-11-25 00:00:00+00:00,37809.0,37746.0
2023-11-26 00:00:00+00:00,37460.0,37809.0
2023-11-27 00:00:00+00:00,37240.0,37460.0
2023-11-28 00:00:00+00:00,37839.0,37240.0
2023-11-29 00:00:00+00:00,37863.0,37839.0
2023-11-30 00:00:00+00:00,37719.0,37863.0
2023-12-01 00:00:00+00:00,38707.0,37719.0
2023-12-02 00:00:00+00:00,39474.0,38707.0
2023-12-03 00:00:00+00:00,39989.0,39474.0
2023-12-04 00:00:00+00:00,41985.0,39989.0
2023-12-05 00:00:00+00:00,44075.0,41985.0
2023-12-06 00:00:00+00:00,43764.0,44075.0
2023-12-07 00:00:00+00:00,43291.0,43764.0
2023-12-08 00:00:00+00:00,44193.0,43291.0
2023-12-09 00:00:00+00:00,43712.0,44193.0
2023-12-10 00:00:00+00:00,43786.0,43712.0
2023-12-11 00:00:00+00:00,41242.0,43786.0
2023-12-12 00:00:00+00:00,41458.0,41242.0
2023-12-13 00:00:00+00:00,42888.0,41458.0
2023-12-14 00:00:00+00:00,43031.0,42888.0
2023-12-15 00:00:00+00:00,41925.0,43031.0
2023-12-16 00:00:00+00:00,42246.0,41925.0
2023-12-17 00:00:00+00:00,41345.0,42246.0
2023-12-18 00:00:00+00:00,42650.0,41345.0
2023-12-19 00:00:00+00:00,42258.0,42650.0
2023-12-20 00:00:00+00:00,43665.0,42258.0
2023-12-21 00:00:00+00:00,43873.0,43665.0
2023-12-22 00:00:00+00:00,44002.0,43873.0
2023-12-23 00:00:00+00:00,43733.0,44002.0
2023-12-24 00:00:00+00:00,43033.0,43733.0
2023-12-25 00:00:00+00:00,43591.0,43033.0
2023-12-26 00:00:00+00:00,42510.0,43591.0
2023-12-27 00:00:00+00:00,43473.0,42510.0
2023-12-28 00:00:00+00:00,42583.0,43473.0
2023-12-29 00:00:00+00:00,42072.0,42583.0
2023-12-30 00:00:00+00:00,42148.0,42072.0
2023-12-31 00:00:00+00:00,42258.0,42148.0
2024-01-01 00:00:00+00:00,44187.0,42258.0
2024-01-02 00:00:00+00:00,44970.0,44187.0
2024-01-03 00:00:00+00:00,42865.0,44970.0
2024-01-04 00:00:00+00:00,44186.0,42865.0
2024-01-05 00:00:00+00:00,44184.0,44186.0
2024-01-06 00:00:00+00:00,43999.0,44184.0
2024-01-07 00:00:00+00:00,43944.0,43999.0
2024-01-08 00:00:00+00:00,46995.0,43944.0
2024-01-09 00:00:00+00:00,46124.0,46995.0
2024-01-10 00:00:00+00:00,46681.0,46124.0
2024-01-11 00:00:00+00:00,46360.0,46681.0
2024-01-12 00:00:00+00:00,42778.0,46360.0
2024-01-13 00:00:00+00:00,42843.0,42778.0
2024-01-14 00:00:00+00:00,41715.0,42843.0
2024-01-15 00:00:00+00:00,42493.0,41715.0
2024-01-16 00:00:00+00:00,43131.0,42493.0
2024-01-17 00:00:00+00:00,42738.0,43131.0
2024-01-18 00:00:00+00:00,41283.0,42738.0
2024-01-19 00:00:00+00:00,41628.0,41283.0
2024-01-20 00:00:00+00:00,41673.0,41628.0
2024-01-21 00:00:00+00:00,41560.0,41673.0
2024-01-22 00:00:00+00:00,39528.0,41560.0
2024-01-23 00:00:00+00:00,39868.0,39528.0
2024-01-24 00:00:00+00:00,40074.0,39868.0
2024-01-25 00:00:00+00:00,39916.0,40074.0
2024-01-26 00:00:00+00:00,41818.0,39916.0
2024-01-27 00:00:00+00:00,42124.0,41818.0
2024-01-28 00:00:00+00:00,42026.0,42124.0
2024-01-29 00:00:00+00:00,43305.0,42026.0
2024-01-30 00:00:00+00:00,42946.0,43305.0
2024-01-31 00:00:00+00:00,42558.0,42946.0
2024-02-01 00:00:00+00:00,43071.0,42558.0
2024-02-02 00:00:00+00:00,43183.0,43071.0
2024-02-03 00:00:00+00:00,42994.0,43183.0
2024-02-04 00:00:00+00:00,42570.0,42994.0
2024-02-05 00:00:00+00:00,42659.0,42570.0
2024-02-06 00:00:00+00:00,43092.0,42659.0
2024-02-07 00:00:00+00:00,44346.0,43092.0
2024-02-08 00:00:00+00:00,45300.0,44346.0
2024-02-09 00:00:00+00:00,47161.0,45300.0
2024-02-10 00:00:00+00:00,47770.0,47161.0
2024-02-11 00:00:00+00:00,48313.0,47770.0
2024-02-12 00:00:00+00:00,49937.0,48313.0
2024-02-13 00:00:00+00:00,49720.0,49937.0
2024-02-14 00:00:00+00:00,51844.0,49720.0
2024-02-15 00:00:00+00:00,51942.0,51844.0
2024-02-16 00:00:00+00:00,52161.0,51942.0
2024-02-17 00:00:00+00:00,51664.0,52161.0
2024-02-18 00:00:00+00:00,52130.0,51664.0
2024-02-19 00:00:00+00:00,51789.0,52130.0
2024-02-20 00:00:00+00:00,52275.0,51789.0
2024-02-21 00:00:00+00:00,51843.0,52275.0
2024-02-22 00:00:00+00:00,51253.0,51843.0
2024-02-23 00:00:00+00:00,50743.0,51253.0
2024-02-24 00:00:00+00:00,51562.0,50743.0
2024-02-25 00:00:00+00:00,51722.0,51562.0
2024-02-26 00:00:00+00:00,54524.0,51722.0
2024-02-27 00:00:00+00:00,57068.0,54524.0
2024-02-28 00:00:00+00:00,62512.0,57068.0
2024-02-29 00:00:00+00:00,61161.0,62512.0
2024-03-01 00:00:00+00:00,62444.0,61161.0
2024-03-02 00:00:00+00:00,62042.0,62444.0
2024-03-03 00:00:00+00:00,63142.0,62042.0
2024-03-04 00:00:00+00:00,68359.0,63142.0
2024-03-05 00:00:00+00:00,63796.0,68359.0
2024-03-06 00:00:00+00:00,66120.0,63796.0
2024-03-07 00:00:00+00:00,66941.0,66120.0
2024-03-08 00:00:00+00:00,68285.0,66941.0
2024-03-09 00:00:00+00:00,68463.0,68285.0
2024-03-10 00:00:00+00:00,69026.0,68463.0
2024-03-11 00:00:00+00:00,72118.0,69026.0
2024-03-12 00:00:00+00:00,71473.0,72118.0
2024-03-13 00:00:00+00:00,73121.0,71473.0
2024-03-14 00:00:00+00:00,71371.0,73121.0
2024-03-15 00:00:00+00:00,69516.0,71371.0
2024-03-16 00:00:00+00:00,65248.0,69516.0
2024-03-17 00:00:00+00:00,68352.0,65248.0
2024-03-18 00:00:00+00:00,67613.0,68352.0
2024-03-19 00:00:00+00:00,61897.0,67613.0
2024-03-20 00:00:00+00:00,67872.0,61897.0
2024-03-21 00:00:00+00:00,65485.0,67872.0
2024-03-22 00:00:00+00:00,63807.0,65485.0
2024-03-23 00:00:00+00:00,64001.0,63807.0
2024-03-24 00:00:00+00:00,67188.0,64001.0
2024-03-25 00:00:00+00:00,69898.0,67188.0
2024-03-26 00:00:00+00:00,69997.0,69898.0
2024-03-27 00:00:00+00:00,69421.0,69997.0
2024-03-28 00:00:00+00:00,70803.0,69421.0
2024-03-29 00:00:00+00:00,69903.0,70803.0
2024-03-30 00:00:00+00:00,69613.0,69903.0
2024-03-31 00:00:00+00:00,71285.0,69613.0
2024-04-01 00:00:00+00:00,69699.0,71285.0
2024-04-02 00:00:00+00:00,65469.0,69699.0
2024-04-03 00:00:00+00:00,65988.0,65469.0
2024-04-04 00:00:00+00:00,68538.0,65988.0
2024-04-05 00:00:00+00:00,67857.0,68538.0
2024-04-06 00:00:00+00:00,68917.0,67857.0
2024-04-07 00:00:00+00:00,69358.0,68917.0
2024-04-08 00:00:00+00:00,71613.0,69358.0
2024-04-09 00:00:00+00:00,69135.0,71613.0
2024-04-10 00:00:00+00:00,70630.0,69135.0
2024-04-11 00:00:00+00:00,70015.0,70630.0
2024-04-12 00:00:00+00:00,67150.0,70015.0
2024-04-13 00:00:00+00:00,64054.0,67150.0
2024-04-14 00:00:00+00:00,65749.0,64054.0
2024-04-15 00:00:00+00:00,63438.0,65749.0
2024-04-16 00:00:00+00:00,63830.0,63438.0
2024-04-17 00:00:00+00:00,61278.0,63830.0
2024-04-18 00:00:00+00:00,63515.0,61278.0
2024-04-19 00:00:00+00:00,63821.0,63515.0
2024-04-20 00:00:00+00:00,64990.0,63821.0
2024-04-21 00:00:00+00:00,64950.0,64990.0
2024-04-22 00:00:00+00:00,66855.0,64950.0
2024-04-23 00:00:00+00:00,66421.0,66855.0
2024-04-24 00:00:00+00:00,64259.0,66421.0
2024-04-25 00:00:00+00:00,64493.0,64259.0
2024-04-26 00:00:00+00:00,63745.0,64493.0
2024-04-27 00:00:00+00:00,63429.0,63745.0
2024-04-28 00:00:00+00:00,63098.0,63429.0
2024-04-29 00:00:00+00:00,63832.0,63098.0
2024-04-30 00:00:00+00:00,60632.0,63832.0
2024-05-01 00:00:00+00:00,58256.0,60632.0
2024-05-02 00:00:00+00:00,59099.0,58256.0
2024-05-03 00:00:00+00:00,62915.0,59099.0
2024-05-04 00:00:00+00:00,63899.0,62915.0
2024-05-05 00:00:00+00:00,64021.0,63899.0
2024-05-06 00:00:00+00:00,63164.0,64021.0
2024-05-07 00:00:00+00:00,62320.0,63164.0
2024-05-08 00:00:00+00:00,61181.0,62320.0
2024-05-09 00:00:00+00:00,63075.0,61181.0
2024-05-10 00:00:00+00:00,60793.0,63075.0
2024-05-11 00:00:00+00:00,60816.0,60793.0
2024-05-12 00:00:00+00:00,61462.0,60816.0
2024-05-13 00:00:00+00:00,62934.0,61462.0
2024-05-14 00:00:00+00:00,61543.0,62934.0
2024-05-15 00:00:00+00:00,66242.0,61543.0
2024-05-16 00:00:00+00:00,65252.0,66242.0
2024-05-17 00:00:00+00:00,67053.0,65252.0
2024-05-18 00:00:00+00:00,66930.0,67053.0
2024-05-19 00:00:00+00:00,66275.0,66930.0
2024-05-20 00:00:00+00:00,71401.0,66275.0
2024-05-21 00:00:00+00:00,70136.0,71401.0
2024-05-22 00:00:00+00:00,69118.0,70136.0
2024-05-23 00:00:00+00:00,67945.0,69118.0
2024-05-24 00:00:00+00:00,68548.0,67945.0
2024-05-25 00:00:00+00:00,69275.0,68548.0
2024-05-26 00:00:00+00:00,68489.0,69275.0
2024-05-27 00:00:00+00:00,69392.0,68489.0
2024-05-28 00:00:00+00:00,68327.0,69392.0
2024-05-29 00:00:00+00:00,67564.0,68327.0
2024-05-30 00:00:00+00:00,68338.0,67564.0
2024-05-31 00:00:00+00:00,67477.0,68338.0
2024-06-01 00:00:00+00:00,67723.0,67477.0
2024-06-02 00:00:00+00:00,67752.0,67723.0
2024-06-03 00:00:00+00:00,68801.0,67752.0
2024-06-04 00:00:00+00:00,70564.0,68801.0
2024-06-05 00:00:00+00:00,71119.0,70564.0
2024-06-06 00:00:00+00:00,70775.0,71119.0
2024-06-07 00:00:00+00:00,69326.0,70775.0
2024-06-08 00:00:00+00:00,69306.0,69326.0
2024-06-09 00:00:00+00:00,69640.0,69306.0
2024-06-10 00:00:00+00:00,69501.0,69640.0
2024-06-11 00:00:00+00:00,67306.0,69501.0
2024-06-12 00:00:00+00:00,68243.0,67306.0
2024-06-13 00:00:00+00:00,66733.0,68243.0
2024-06-14 00:00:00+00:00,65996.0,66733.0
2024-06-15 00:00:00+00:00,66182.0,65996.0
2024-06-16 00:00:00+00:00,66622.0,66182.0
2024-06-17 00:00:00+00:00,66475.0,66622.0
2024-06-18 00:00:00+00:00,65145.0,66475.0
2024-06-19 00:00:00+00:00,64946.0,65145.0
2024-06-20 00:00:00+00:00,64845.0,64946.0
2024-06-21 00:00:00+00:00,64102.0,64845.0
2024-06-22 00:00:00+00:00,64233.0,64102.0
2024-06-23 00:00:00+00:00,63154.0,64233.0
2024-06-24 00:00:00+00:00,60252.0,63154.0
2024-06-25 00:00:00+00:00,61789.0,60252.0
2024-06-26 00:00:00+00:00,60807.0,61789.0
2024-06-27 00:00:00+00:00,61622.0,60807.0
2024-06-28 00:00:00+00:00,60315.0,61622.0
2024-06-29 00:00:00+00:00,60879.0,60315.0
2024-06-30 00:00:00+00:00,62676.0,60879.0
2024-07-01 00:00:00+00:00,62829.0,62676.0
2024-07-02 00:00:00+00:00,62033.0,62829.0
2024-07-03 00:00:00+00:00,60142.0,62033.0
2024-07-04 00:00:00+00:00,57045.0,60142.0
2024-07-05 00:00:00+00:00,56632.0,57045.0
2024-07-06 00:00:00+00:00,58251.0,56632.0
2024-07-07 00:00:00+00:00,55829.0,58251.0
2024-07-08 00:00:00+00:00,56710.0,55829.0
2024-07-09 00:00:00+00:00,58033.0,56710.0
2024-07-10 00:00:00+00:00,57733.0,58033.0
2024-07-11 00:00:00+00:00,57348.0,57733.0
2024-07-12 00:00:00+00:00,57889.0,57348.0
2024-07-13 00:00:00+00:00,59226.0,57889.0
2024-07-14 00:00:00+00:00,60823.0,59226.0
2024-07-15 00:00:00+00:00,64769.0,60823.0
2024-07-16 00:00:00+00:00,65081.0,64769.0
2024-07-17 00:00:00+00:00,64091.0,65081.0
2024-07-18 00:00:00+00:00,63964.0,64091.0
2024-07-19 00:00:00+00:00,66705.0,63964.0
2024-07-20 00:00:00+00:00,67155.0,66705.0
2024-07-21 00:00:00+00:00,68158.0,67155.0
2024-07-22 00:00:00+00:00,67562.0,68158.0
2024-07-23 00:00:00+00:00,65944.0,67562.0
2024-07-24 00:00:00+00:00,65376.0,65944.0
2024-07-25 00:00:00+00:00,65796.0,65376.0
2024-07-26 00:00:00+00:00,67921.0,65796.0
2024-07-27 00:00:00+00:00,67892.0,67921.0
2024-07-28 00:00:00+00:00,68264.0,67892.0
2024-07-29 00:00:00+00:00,66780.0,68264.0
2024-07-30 00:00:00+00:00,66171.0,66780.0
2024-07-31 00:00:00+00:00,64612.0,66171.0
2024-08-01 00:00:00+00:00,65293.0,64612.0
2024-08-02 00:00:00+00:00,61421.0,65293.0
2024-08-03 00:00:00+00:00,60672.0,61421.0
2024-08-04 00:00:00+00:00,58142.0,60672.0
2024-08-05 00:00:00+00:00,54014.0,58142.0
2024-08-06 00:00:00+00:00,56053.0,54014.0
2024-08-07 00:00:00+00:00,55136.0,56053.0
2024-08-08 00:00:00+00:00,61699.0,55136.0
2024-08-09 00:00:00+00:00,60860.0,61699.0
2024-08-10 00:00:00+00:00,60952.0,60860.0
2024-08-11 00:00:00+00:00,58725.0,60952.0
2024-08-12 00:00:00+00:00,59362.0,58725.0
2024-08-13 00:00:00+00:00,60620.0,59362.0
2024-08-14 00:00:00+00:00,58697.0,60620.0
2024-08-15 00:00:00+00:00,57557.0,58697.0
2024-08-16 00:00:00+00:00,58883.0,57557.0
2024-08-17 00:00:00+00:00,59487.0,58883.0
2024-08-18 00:00:00+00:00,58430.0,59487.0
2024-08-19 00:00:00+00:00,59497.0,58430.0
2024-08-20 00:00:00+00:00,59012.0,59497.0
2024-08-21 00:00:00+00:00,61159.0,59012.0
2024-08-22 00:00:00+00:00,60383.0,61159.0
2024-08-23 00:00:00+00:00,64085.0,60383.0
2024-08-24 00:00:00+00:00,64174.0,64085.0
2024-08-25 00:00:00+00:00,64262.0,64174.0
2024-08-26 00:00:00+00:00,62852.0,64262.0
2024-08-27 00:00:00+00:00,59427.0,62852.0
2024-08-28 00:00:00+00:00,59033.0,59427.0
2024-08-29 00:00:00+00:00,59365.0,59033.0
2024-08-30 00:00:00+00:00,59113.0,59365.0
2024-08-31 00:00:00+00:00,58967.0,59113.0
2024-09-01 00:00:00+00:00,57310.0,58967.0
2024-09-02 00:00:00+00:00,59133.0,57310.0
2024-09-03 00:00:00+00:00,57493.0,59133.0
2024-09-04 00:00:00+00:00,57956.0,57493.0
2024-09-05 00:00:00+00:00,56158.0,57956.0
2024-09-06 00:00:00+00:00,53955.0,56158.0
2024-09-07 00:00:00+00:00,54147.0,53955.0
2024-09-08 00:00:00+00:00,54866.0,54147.0
2024-09-09 00:00:00+00:00,57059.0,54866.0
2024-09-10 00:00:00+00:00,57659.0,57059.0
2024-09-11 00:00:00+00:00,57342.0,57659.0
2024-09-12 00:00:00+00:00,58139.0,57342.0
2024-09-13 00:00:00+00:00,60545.0,58139.0
2024-09-14 00:00:00+00:00,60012.0,60545.0
2024-09-15 00:00:00+00:00,59130.0,60012.0
2024-09-16 00:00:00+00:00,58212.0,59130.0
2024-09-17 00:00:00+00:00,60316.0,58212.0
2024-09-18 00:00:00+00:00,61757.0,60316.0
2024-09-19 00:00:00+00:00,62940.0,61757.0
2024-09-20 00:00:00+00:00,63211.0,62940.0
2024-09-21 00:00:00+00:00,63364.0,63211.0
2024-09-22 00:00:00+00:00,63563.0,63364.0
2024-09-23 00:00:00+00:00,63325.0,63563.0
2024-09-24 00:00:00+00:00,64260.0,63325.0
2024-09-25 00:00:00+00:00,63147.0,64260.0
2024-09-26 00:00:00+00:00,65175.0,63147.0
2024-09-27 00:00:00+00:00,65781.0,65175.0
2024-09-28 00:00:00+00:00,65876.0,65781.0
2024-09-29 00:00:00+00:00,65601.0,65876.0
2024-09-30 00:00:00+00:00,63302.0,65601.0
2024-10-01 00:00:00+00:00,60807.0,63302.0
2024-10-02 00:00:00+00:00,60634.0,60807.0
2024-10-03 00:00:00+00:00,60745.0,60634.0
2024-10-04 00:00:00+00:00,62081.0,60745.0
2024-10-05 00:00:00+00:00,62063.0,62081.0
2024-10-06 00:00:00+00:00,62814.0,62063.0
2024-10-07 00:00:00+00:00,62212.0,62814.0
2024-10-08 00:00:00+00:00,62133.0,62212.0
2024-10-09 00:00:00+00:00,60582.0,62133.0
2024-10-10 00:00:00+00:00,60278.0,60582.0
2024-10-11 00:00:00+00:00,62452.0,60278.0
2024-10-12 00:00:00+00:00,63194.0,62452.0
2024-10-13 00:00:00+00:00,62849.0,63194.0
2024-10-14 00:00:00+00:00,66070.0,62849.0
2024-10-15 00:00:00+00:00,67061.0,66070.0
2024-10-16 00:00:00+00:00,67622.0,67061.0
2024-10-17 00:00:00+00:00,67392.0,67622.0
2024-10-18 00:00:00+00:00,68420.0,67392.0
2024-10-19 00:00:00+00:00,68359.0,68420.0
2024-10-20 00:00:00+00:00,69011.0,68359.0
2024-10-21 00:00:00+00:00,67340.0,69011.0
2024-10-22 00:00:00+00:00,67382.0,67340.0
2024-10-23 00:00:00+00:00,66601.0,67382.0
2024-10-24 00:00:00+00:00,68155.0,66601.0
2024-10-25 00:00:00+00:00,66578.0,68155.0
2024-10-26 00:00:00+00:00,67003.0,66578.0
2024-10-27 00:00:00+00:00,67938.0,67003.0
2024-10-28 00:00:00+00:00,69918.0,67938.0
2024-10-29 00:00:00+00:00,72729.0,69918.0
2024-10-30 00:00:00+00:00,72331.0,72729.0
2024-10-31 00:00:00+00:00,70231.0,72331.0
2024-11-01 00:00:00+00:00,69490.0,70231.0
2024-11-02 00:00:00+00:00,69330.0,69490.0
2024-11-03 00:00:00+00:00,68738.0,69330.0
2024-11-04 00:00:00+00:00,67818.0,68738.0
2024-11-05 00:00:00+00:00,69386.0,67818.0
2024-11-06 00:00:00+00:00,75637.0,69386.0
2024-11-07 00:00:00+00:00,75921.0,75637.0
2024-11-08 00:00:00+00:00,76561.0,75921.0
2024-11-09 00:00:00+00:00,76722.0,76561.0
2024-11-10 00:00:00+00:00,80425.0,76722.0
2024-11-11 00:00:00+00:00,88770.0,80425.0
2024-11-12 00:00:00+00:00,88031.0,88770.0
2024-11-13 00:00:00+00:00,90521.0,88031.0
2024-11-14 00:00:00+00:00,87333.0,90521.0
2024-11-15 00:00:00+00:00,91070.0,87333.0
2024-11-16 00:00:00+00:00,90608.0,91070.0
2024-11-17 00:00:00+00:00,89861.0,90608.0
2024-11-18 00:00:00+00:00,90512.0,89861.0
2024-11-19 00:00:00+00:00,92424.0,90512.0
2024-11-20 00:00:00+00:00,94373.0,92424.0
2024-11-21 00:00:00+00:00,98451.0,94373.0
2024-11-22 00:00:00+00:00,99013.0,98451.0
2024-11-23 00:00:00+00:00,97775.0,99013.0
2024-11-24 00:00:00+00:00,98007.0,97775.0
2024-11-25 00:00:00+00:00,93035.0,98007.0
2024-11-26 00:00:00+00:00,91928.0,93035.0
2024-11-27 00:00:00+00:00,95978.0,91928.0
2024-11-28 00:00:00+00:00,95661.0,95978.0
2024-11-29 00:00:00+00:00,97512.0,95661.0
2024-11-30 00:00:00+00:00,96441.0,97512.0
2024-12-01 00:00:00+00:00,97291.0,96441.0
2024-12-02 00:00:00+00:00,95859.0,97291.0
2024-12-03 00:00:00+00:00,95926.0,95859.0
2024-12-04 00:00:00+00:00,98773.0,95926.0
2024-12-05 00:00:00+00:00,97057.0,98773.0
2024-12-06 00:00:00+00:00,99898.0,97057.0
2024-12-07 00:00:00+00:00,99929.0,99898.0
2024-12-08 00:00:00+00:00,101204.0,99929.0
2024-12-09 00:00:00+00:00,97468.0,101204.0
2024-12-10 00:00:00+00:00,96648.0,97468.0
2024-12-11 00:00:00+00:00,101201.0,96648.0
2024-12-12 00:00:00+00:00,100068.0,101201.0
2024-12-13 00:00:00+00:00,101435.0,100068.0
2024-12-14 00:00:00+00:00,101382.0,101435.0
2024-12-15 00:00:00+00:00,104427.0,101382.0
2024-12-16 00:00:00+00:00,106073.0,104427.0
2024-12-17 00:00:00+00:00,106187.0,106073.0
2024-12-18 00:00:00+00:00,100153.0,106187.0
2024-12-19 00:00:00+00:00,97375.0,100153.0
2024-12-20 00:00:00+00:00,97760.0,97375.0
2024-12-21 00:00:00+00:00,97211.0,97760.0
2024-12-22 00:00:00+00:00,95098.0,97211.0
2024-12-23 00:00:00+00:00,94750.0,95098.0
2024-12-24 00:00:00+00:00,98596.0,94750.0
2024-12-25 00:00:00+00:00,99374.0,98596.0
2024-12-26 00:00:00+00:00,95687.0,99374.0
2024-12-27 00:00:00+00:00,94168.0,95687.0
2024-12-28 00:00:00+00:00,95139.0,94168.0
2024-12-29 00:00:00+00:00,93557.0,95139.0
2024-12-30 00:00:00+00:00,92628.0,93557.0
2024-12-31 00:00:00+00:00,93381.0,92628.0
2025-01-01 00:00:00+00:00,94388.0,93381.0
2025-01-02 00:00:00+00:00,96907.0,94388.0
2025-01-03 00:00:00+00:00,98133.0,96907.0
2025-01-04 00:00:00+00:00,98209.0,98133.0
2025-01-05 00:00:00+00:00,98327.0,98209.0
2025-01-06 00:00:00+00:00,102280.0,98327.0
2025-01-07 00:00:00+00:00,96946.0,102280.0
2025-01-08 00:00:00+00:00,95065.0,96946.0
2025-01-09 00:00:00+00:00,92542.0,95065.0
2025-01-10 00:00:00+00:00,94702.0,92542.0
2025-01-11 00:00:00+00:00,94568.0,94702.0
2025-01-12 00:00:00+00:00,94497.0,94568.0
2025-01-13 00:00:00+00:00,94505.0,94497.0
2025-01-14 00:00:00+00:00,96523.0,94505.0
2025-01-15 00:00:00+00:00,100512.0,96523.0
2025-01-16 00:00:00+00:00,99975.0,100512.0
2025-01-17 00:00:00+00:00,104119.0,99975.0
2025-01-18 00:00:00+00:00,104436.0,104119.0
2025-01-19 00:00:00+00:00,101237.0,104436.0
2025-01-20 00:00:00+00:00,102141.0,101237.0
2025-01-21 00:00:00+00:00,106149.0,102141.0
2025-01-22 00:00:00+00:00,103632.0,106149.0
2025-01-23 00:00:00+00:00,103933.0,103632.0
2025-01-24 00:00:00+00:00,104855.0,103933.0
2025-01-25 00:00:00+00:00,104738.0,104855.0
2025-01-26 00:00:00+00:00,102573.0,104738.0
2025-01-27 00:00:00+00:00,102090.0,102573.0
2025-01-28 00:00:00+00:00,101292.0,102090.0
2025-01-29 00:00:00+00:00,103747.0,101292.0
2025-01-30 00:00:00+00:00,104738.0,103747.0
2025-01-31 00:00:00+00:00,102412.0,104738.0
2025-02-01 00:00:00+00:00,100638.0,102412.0
2025-02-02 00:00:00+00:00,97675.0,100638.0
2025-02-03 00:00:00+00:00,101457.0,97675.0
2025-02-04 00:00:00+00:00,97786.0,101457.0
2025-02-05 00:00:00+00:00,96614.0,97786.0
2025-02-06 00:00:00+00:00,96573.0,96614.0
2025-02-07 00:00:00+00:00,96535.0,96573.0
2025-02-08 00:00:00+00:00,96472.0,96535.0
2025-02-09 00:00:00+00:00,96477.0,96472.0
2025-02-10 00:00:00+00:00,97469.0,96477.0
2025-02-11 00:00:00+00:00,95754.0,97469.0
2025-02-12 00:00:00+00:00,97882.0,95754.0
2025-02-13 00:00:00+00:00,96627.0,97882.0
2025-02-14 00:00:00+00:00,97520.0,96627.0
2025-02-15 00:00:00+00:00,97591.0,97520.0
2025-02-16 00:00:00+00:00,96132.0,97591.0
2025-02-17 00:00:00+00:00,95772.0,96132.0
2025-02-18 00:00:00+00:00,95612.0,95772.0
2025-02-19 00:00:00+00:00,96642.0,95612.0
2025-02-20 00:00:00+00:00,98337.0,96642.0
2025-02-21 00:00:00+00:00,96131.0,98337.0
2025-02-22 00:00:00+00:00,96572.0,96131.0
2025-02-23 00:00:00+00:00,96262.0,96572.0
2025-02-24 00:00:00+00:00,91554.0,96262.0
2025-02-25 00:00:00+00:00,88576.0,91554.0
2025-02-26 00:00:00+00:00,84071.0,88576.0
2025-02-27 00:00:00+00:00,84639.0,84071.0
2025-02-28 00:00:00+00:00,84321.0,84639.0
2025-03-01 00:00:00+00:00,86033.0,84321.0
2025-03-02 00:00:00+00:00,94273.0,86033.0
2025-03-03 00:00:00+00:00,86160.0,94273.0
2025-03-04 00:00:00+00:00,87240.0,86160.0
2025-03-05 00:00:00+00:00,90611.0,87240.0
2025-03-06 00:00:00+00:00,89918.0,90611.0
2025-03-07 00:00:00+00:00,86759.0,89918.0
2025-03-08 00:00:00+00:00,86192.0,86759.0
2025-03-09 00:00:00+00:00,80708.0,86192.0
2025-03-10 00:00:00+00:00,78561.0,80708.0
2025-03-11 00:00:00+00:00,82869.0,78561.0
2025-03-12 00:00:00+00:00,83620.0,82869.0
2025-03-13 00:00:00+00:00,81079.0,83620.0
2025-03-14 00:00:00+00:00,83975.0,81079.0
2025-03-15 00:00:00+00:00,84347.0,83975.0
2025-03-16 00:00:00+00:00,82555.0,84347.0
2025-03-17 00:00:00+00:00,84058.0,82555.0
2025-03-18 00:00:00+00:00,82715.0,84058.0
2025-03-19 00:00:00+00:00,86868.0,82715.0
2025-03-20 00:00:00+00:00,84158.0,86868.0
2025-03-21 00:00:00+00:00,84061.0,84158.0
2025-03-22 00:00:00+00:00,83823.0,84061.0
2025-03-23 00:00:00+00:00,86084.0,83823.0
2025-03-24 00:00:00+00:00,87512.0,86084.0
2025-03-25 00:00:00+00:00,87436.0,87512.0
2025-03-26 00:00:00+00:00,86913.0,87436.0
2025-03-27 00:00:00+00:00,87219.0,86913.0
2025-03-28 00:00:00+00:00,84379.0,87219.0
2025-03-29 00:00:00+00:00,82608.0,84379.0
2025-03-30 00:00:00+00:00,82359.0,82608.0
2025-03-31 00:00:00+00:00,82538.0,82359.0
2025-04-01 00:00:00+00:00,85170.0,82538.0
2025-04-02 00:00:00+00:00,82502.0,85170.0
2025-04-03 00:00:00+00:00,83132.0,82502.0
2025-04-04 00:00:00+00:00,83851.0,83132.0
2025-04-05 00:00:00+00:00,83507.0,83851.0
2025-04-06 00:00:00+00:00,78342.0,83507.0
2025-04-07 00:00:00+00:00,79127.0,78342.0
2025-04-08 00:00:00+00:00,76244.0,79127.0
2025-04-09 00:00:00+00:00,82595.0,76244.0
2025-04-10 00:00:00+00:00,79543.0,82595.0
2025-04-11 00:00:00+00:00,83384.0,79543.0
2025-04-12 00:00:00+00:00,85274.0,83384.0
2025-04-13 00:00:00+00:00,83712.0,85274.0
2025-04-14 00:00:00+00:00,84583.0,83712.0
2025-04-15 00:00:00+00:00,83686.0,84583.0
2025-04-16 00:00:00+00:00,84046.0,83686.0
2025-04-17 00:00:00+00:00,84954.0,84046.0
2025-04-18 00:00:00+00:00,84468.0,84954.0
2025-04-19 00:00:00+00:00,85069.0,84468.0
2025-04-20 00:00:00+00:00,85198.0,85069.0
2025-04-21 00:00:00+00:00,87505.0,85198.0
2025-04-22 00:00:00+00:00,93481.0,87505.0
2025-04-23 00:00:00+00:00,93730.0,93481.0
2025-04-24 00:00:00+00:00,94010.0,93730.0
2025-04-25 00:00:00+00:00,94726.0,94010.0
2025-04-26 00:00:00+00:00,94662.0,94726.0
2025-04-27 00:00:00+00:00,93769.0,94662.0
2025-04-28 00:00:00+00:00,95041.0,93769.0
2025-04-29 00:00:00+00:00,94285.0,95041.0
2025-04-30 00:00:00+00:00,94181.0,94285.0
2025-05-01 00:00:00+00:00,96535.0,94181.0
2025-05-02 00:00:00+00:00,96925.0,96535.0
2025-05-03 00:00:00+00:00,95916.0,96925.0
2025-05-04 00:00:00+00:00,94316.0,95916.0
2025-05-05 00:00:00+00:00,94725.0,94316.0
2025-05-06 00:00:00+00:00,96814.0,94725.0
2025-05-07 00:00:00+00:00,97054.0,96814.0
2025-05-08 00:00:00+00:00,103261.0,97054.0
2025-05-09 00:00:00+00:00,102991.0,103261.0
2025-05-10 00:00:00+00:00,104809.0,102991.0
2025-05-11 00:00:00+00:00,104129.0,104809.0
2025-05-12 00:00:00+00:00,102796.0,104129.0
2025-05-13 00:00:00+00:00,104135.0,102796.0
2025-05-14 00:00:00+00:00,103531.0,104135.0
2025-05-15 00:00:00+00:00,103793.0,103531.0
2025-05-16 00:00:00+00:00,103506.0,103793.0
2025-05-17 00:00:00+00:00,103153.0,103506.0
2025-05-18 00:00:00+00:00,106520.0,103153.0
2025-05-19 00:00:00+00:00,105622.0,106520.0
2025-05-20 00:00:00+00:00,106855.0,105622.0
2025-05-21 00:00:00+00:00,109682.0,106855.0
2025-05-22 00:00:00+00:00,111743.0,109682.0
2025-05-23 00:00:00+00:00,107329.0,111743.0
2025-05-24 00:00:00+00:00,107799.0,107329.0
2025-05-25 00:00:00+00:00,109068.0,107799.0
2025-05-26 00:00:00+00:00,109468.0,109068.0
2025-05-27 00:00:00+00:00,108980.0,109468.0
2025-05-28 00:00:00+00:00,107811.0,108980.0
2025-05-29 00:00:00+00:00,105578.0,107811.0
2025-05-30 00:00:00+00:00,104034.0,105578.0
2025-05-31 00:00:00+00:00,104646.0,104034.0
2025-06-01 00:00:00+00:00,105705.0,104646.0
2025-06-02 00:00:00+00:00,105905.0,105705.0
2025-06-03 00:00:00+00:00,105454.0,105905.0
2025-06-04 00:00:00+00:00,104745.0,105454.0
2025-06-05 00:00:00+00:00,101559.0,104745.0
2025-06-06 00:00:00+00:00,104393.0,101559.0
2025-06-07 00:00:00+00:00,105619.0,104393.0
2025-06-08 00:00:00+00:00,105792.0,105619.0
2025-06-09 00:00:00+00:00,110307.0,105792.0
2025-06-10 00:00:00+00:00,110292.0,110307.0
2025-06-11 00:00:00+00:00,108678.0,110292.0
2025-06-12 00:00:00+00:00,105731.0,108678.0
2025-06-13 00:00:00+00:00,106118.0,105731.0
2025-06-14 00:00:00+00:00,105464.0,106118.0
2025-06-15 00:00:00+00:00,105617.0,105464.0
2025-06-16 00:00:00+00:00,106829.0,105617.0
2025-06-17 00:00:00+00:00,104584.0,106829.0
2025-06-18 00:00:00+00:00,104922.0,104584.0
2025-06-19 00:00:00+00:00,104688.0,104922.0
2025-06-20 00:00:00+00:00,103316.0,104688.0
2025-06-21 00:00:00+00:00,102139.0,103316.0
2025-06-22 00:00:00+00:00,101015.0,102139.0
2025-06-23 00:00:00+00:00,105464.0,101015.0
2025-06-24 00:00:00+00:00,106131.0,105464.0
2025-06-25 00:00:00+00:00,107418.0,106131.0
2025-06-26 00:00:00+00:00,107004.0,107418.0
2025-06-27 00:00:00+00:00,107100.0,107004.0
2025-06-28 00:00:00+00:00,107348.0,107100.0
2025-06-29 00:00:00+00:00,108384.0,107348.0
2025-06-30 00:00:00+00:00,107179.0,108384.0
2025-07-01 00:00:00+00:00,105709.0,107179.0
2025-07-02 00:00:00+00:00,108885.0,105709.0
2025-07-03 00:00:00+00:00,109648.0,108885.0
2025-07-04 00:00:00+00:00,108033.0,109648.0
2025-07-05 00:00:00+00:00,108240.0,108033.0
2025-07-06 00:00:00+00:00,109233.0,108240.0
2025-07-07 00:00:00+00:00,108287.0,109233.0
2025-07-08 00:00:00+00:00,108947.0,108287.0
2025-07-09 00:00:00+00:00,111287.0,108947.0
2025-07-10 00:00:00+00:00,116031.0,111287.0
2025-07-11 00:00:00+00:00,117579.0,116031.0
2025-07-12 00:00:00+00:00,117464.0,117579.0
2025-07-13 00:00:00+00:00,119135.0,117464.0
2025-07-14 00:00:00+00:00,119879.0,119135.0
2025-07-15 00:00:00+00:00,117769.0,119879.0
2025-07-16 00:00:00+00:00,118718.0,117769.0
2025-07-17 00:00:00+00:00,119275.0,118718.0
2025-07-18 00:00:00+00:00,118022.0,119275.0
2025-07-19 00:00:00+00:00,117916.0,118022.0
2025-07-20 00:00:00+00:00,117339.0,117916.0
2025-07-21 00:00:00+00:00,117437.0,117339.0
2025-07-22 00:00:00+00:00,120011.0,117437.0
2025-07-23 00:00:00+00:00,118813.0,120011.0
2025-07-24 00:00:00+00:00,118347.0,118813.0
2025-07-25 00:00:00+00:00,117653.0,118347.0
2025-07-26 00:00:00+00:00,117962.0,117653.0
2025-07-27 00:00:00+00:00,119469.0,117962.0
2025-07-28 00:00:00+00:00,118051.0,119469.0
2025-07-29 00:00:00+00:00,117926.0,118051.0
2025-07-30 00:00:00+00:00,117834.0,117926.0
2025-07-31 00:00:00+00:00,115750.0,117834.0
2025-08-01 00:00:00+00:00,113243.0,115750.0
2025-08-02 00:00:00+00:00,112522.0,113243.0
2025-08-03 00:00:00+00:00,114226.0,112522.0
2025-08-04 00:00:00+00:00,115051.0,114226.0
2025-08-05 00:00:00+00:00,114133.0,115051.0
2025-08-06 00:00:00+00:00,115030.0,114133.0
2025-08-07 00:00:00+00:00,117515.0,115030.0
2025-08-08 00:00:00+00:00,116675.0,117515.0
2025-08-09 00:00:00+00:00,116495.0,116675.0
2025-08-10 00:00:00+00:00,119310.0,116495.0
2025-08-11 00:00:00+00:00,118712.0,119310.0
2025-08-12 00:00:00+00:00,120107.0,118712.0
2025-08-13 00:00:00+00:00,123360.0,120107.0
2025-08-14 00:00:00+00:00,118394.0,123360.0
2025-08-15 00:00:00+00:00,117446.0,118394.0
2025-08-16 00:00:00+00:00,117460.0,117446.0
2025-08-17 00:00:00+00:00,117490.0,117460.0
2025-08-18 00:00:00+00:00,116265.0,117490.0
2025-08-19 00:00:00+00:00,112870.0,116265.0
2025-08-20 00:00:00+00:00,114263.0,112870.0
2025-08-21 00:00:00+00:00,112472.0,114263.0
2025-08-22 00:00:00+00:00,116891.0,112472.0
2025-08-23 00:00:00+00:00,115392.0,116891.0
2025-08-24 00:00:00+00:00,113478.0,115392.0
2025-08-25 00:00:00+00:00,110136.0,113478.0
2025-08-26 00:00:00+00:00,111788.0,110136.0
2025-08-27 00:00:00+00:00,111273.0,111788.0
2025-08-28 00:00:00+00:00,112581.0,111273.0
2025-08-29 00:00:00+00:00,108362.0,112581.0
2025-08-30 00:00:00+00:00,108827.0,108362.0
2025-08-31 00:00:00+00:00,108269.0,108827.0
2025-09-01 00:00:00+00:00,109244.0,108269.0
2025-09-02 00:00:00+00:00,111238.0,109244.0
2025-09-03 00:00:00+00:00,111759.0,111238.0
2025-09-04 00:00:00+00:00,110747.0,111759.0
2025-09-05 00:00:00+00:00,110669.0,110747.0
2025-09-06 00:00:00+00:00,110223.0,110669.0
2025-09-07 00:00:00+00:00,111144.0,110223.0
2025-09-08 00:00:00+00:00,112098.0,111144.0
2025-09-09 00:00:00+00:00,111531.0,112098.0
2025-09-10 00:00:00+00:00,113988.0,111531.0
2025-09-11 00:00:00+00:00,115533.0,113988.0
2025-09-12 00:00:00+00:00,116108.0,115533.0
2025-09-13 00:00:00+00:00,115981.0,116108.0
2025-09-14 00:00:00+00:00,115342.0,115981.0
2025-09-15 00:00:00+00:00,115387.0,115342.0
2025-09-16 00:00:00+00:00,116837.0,115387.0
2025-09-17 00:00:00+00:00,116477.0,116837.0
2025-09-18 00:00:00+00:00,117125.0,116477.0
2025-09-19 00:00:00+00:00,115702.0,117125.0
2025-09-20 00:00:00+00:00,115759.0,115702.0
2025-09-21 00:00:00+00:00,115292.0,115759.0
2025-09-22 00:00:00+00:00,112741.0,115292.0
2025-09-23 00:00:00+00:00,112025.0,112741.0
2025-09-24 00:00:00+00:00,113339.0,112025.0
2025-09-25 00:00:00+00:00,109021.0,113339.0
2025-09-26 00:00:00+00:00,109696.0,109021.0
2025-09-27 00:00:00+00:00,109679.0,109696.0
2025-09-28 00:00:00+00:00,112203.0,109679.0
2025-09-29 00:00:00+00:00,114379.0,112203.0
2025-09-30 00:00:00+00:00,114065.0,114379.0
2025-10-01 00:00:00+00:00,118668.0,114065.0
2025-10-02 00:00:00+00:00,120612.0,118668.0
2025-10-03 00:00:00+00:00,122308.0,120612.0
2025-10-04 00:00:00+00:00,122441.0,122308.0
2025-10-05 00:00:00+00:00,123519.0,122441.0
2025-10-06 00:00:00+00:00,124728.0,123519.0
2025-10-07 00:00:00+00:00,121395.0,124728.0
2025-10-08 00:00:00+00:00,123345.0,121395.0
2025-10-09 00:00:00+00:00,121695.0,123345.0
2025-10-10 00:00:00+00:00,112996.0,121695.0
2025-10-11 00:00:00+00:00,110764.0,112996.0
2025-10-12 00:00:00+00:00,115090.0,110764.0
2025-10-13 00:00:00+00:00,115265.0,115090.0
2025-10-14 00:00:00+00:00,113078.0,115265.0
2025-10-15 00:00:00+00:00,110804.0,113078.0
2025-10-16 00:00:00+00:00,108206.0,110804.0
2025-10-17 00:00:00+00:00,106476.0,108206.0
2025-10-18 00:00:00+00:00,107220.0,106476.0
2025-10-19 00:00:00+00:00,108684.0,107220.0
2025-10-20 00:00:00+00:00,110580.0,108684.0
2025-10-21 00:00:00+00:00,108372.0,110580.0
2025-10-22 00:00:00+00:00,107595.0,108372.0
2025-10-23 00:00:00+00:00,110111.0,107595.0
2025-10-24 00:00:00+00:00,111039.0,110111.0
2025-10-25 00:00:00+00:00,111668.0,111039.0
2025-10-26 00:00:00+00:00,114551.0,111668.0
2025-10-27 00:00:00+00:00,114101.0,114551.0
2025-10-28 00:00:00+00:00,112925.0,114101.0
2025-10-29 00:00:00+00:00,110038.0,112925.0
2025-10-30 00:00:00+00:00,108306.0,110038.0
2025-10-31 00:00:00+00:00,109554.0,108306.0
2025-11-01 00:00:00+00:00,110047.0,109554.0
2025-11-02 00:00:00+00:00,110530.0,110047.0
2025-11-03 00:00:00+00:00,106548.0,110530.0
2025-11-04 00:00:00+00:00,101466.0,106548.0
2025-11-05 00:00:00+00:00,103865.0,101466.0
2025-11-06 00:00:00+00:00,101284.0,103865.0
2025-11-07 00:00:00+00:00,103275.0,101284.0
2025-11-08 00:00:00+00:00,102286.0,103275.0
2025-11-09 00:00:00+00:00,104705.0,102286.0
2025-11-10 00:00:00+00:00,105972.0,104705.0
2025-11-11 00:00:00+00:00,103015.0,105972.0
2025-11-12 00:00:00+00:00,101635.0,103015.0
2025-11-13 00:00:00+00:00,99618.0,101635.0
2025-11-14 00:00:00+00:00,94509.0,99618.0
2025-11-15 00:00:00+00:00,95539.0,94509.0
2025-11-16 00:00:00+00:00,94187.0,95539.0
2025-11-17 00:00:00+00:00,92102.0,94187.0
2025-11-18 00:00:00+00:00,92911.0,92102.0
2025-11-19 00:00:00+00:00,91474.0,92911.0
2025-11-20 00:00:00+00:00,86527.0,91474.0
2025-11-21 00:00:00+00:00,85060.0,86527.0
2025-11-22 00:00:00+00:00,84679.0,85060.0
2025-11-23 00:00:00+00:00,86803.0,84679.0
2025-11-24 00:00:00+00:00,88277.0,86803.0
2025-11-25 00:00:00+00:00,87331.0,88277.0
2025-11-26 00:00:00+00:00,90477.0,87331.0
2025-11-27 00:00:00+00:00,91325.0,90477.0
2025-11-28 00:00:00+00:00,90913.0,91325.0
2025-11-29 00:00:00+00:00,90832.0,90913.0
2025-11-30 00:00:00+00:00,90382.0,90832.0
2025-12-01 00:00:00+00:00,86291.0,90382.0
2025-12-02 00:00:00+00:00,91300.0,86291.0
2025-12-03 00:00:00+00:00,93472.0,91300.0
2025-12-04 00:00:00+00:00,92103.0,93472.0
2025-12-05 00:00:00+00:00,89348.0,92103.0
2025-12-06 00:00:00+00:00,89249.0,89348.0
2025-12-07 00:00:00+00:00,90405.0,89249.0
2025-12-08 00:00:00+00:00,90649.0,90405.0
2025-12-09 00:00:00+00:00,92695.0,90649.0
2025-12-10 00:00:00+00:00,92036.0,92695.0
2025-12-11 00:00:00+00:00,92531.0,92036.0
2025-12-12 00:00:00+00:00,90275.0,92531.0
2025-12-13 00:00:00+00:00,90264.0,90275.0
2025-12-14 00:00:00+00:00,88164.0,90264.0
2025-12-15 00:00:00+00:00,86412.0,88164.0
2025-12-16 00:00:00+00:00,87843.0,86412.0
2025-12-17 00:00:00+00:00,86215.0,87843.0
2025-12-18 00:00:00+00:00,85460.0,86215.0
2025-12-19 00:00:00+00:00,88095.0,85460.0
2025-12-20 00:00:00+00:00,88324.0,88095.0
2025-12-21 00:00:00+00:00,88636.0,88324.0
2025-12-22 00:00:00+00:00,88539.0,88636.0
2025-12-23 00:00:00+00:00,87423.0,88539.0
2025-12-24 00:00:00+00:00,87605.0,87423.0
2025-12-25 00:00:00+00:00,87172.0,87605.0
2025-12-26 00:00:00+00:00,87296.0,87172.0
2025-12-27 00:00:00+00:00,87810.0,87296.0
2025-12-28 00:00:00+00:00,87870.0,87810.0
2025-12-29 00:00:00+00:00,87119.0,87870.0
2025-12-30 00:00:00+00:00,88390.0,87119.0
2025-12-31 00:00:00+00:00,87496.0,88390.0
2026-01-01 00:00:00+00:00,88728.0,87496.0
2026-01-02 00:00:00+00:00,89952.0,88728.0
2026-01-03 00:00:00+00:00,90590.0,89952.0
2026-01-04 00:00:00+00:00,91501.0,90590.0
2026-01-05 00:00:00+00:00,93876.0,91501.0
2026-01-06 00:00:00+00:00,93712.0,93876.0
2026-01-07 00:00:00+00:00,91273.0,93712.0
2026-01-08 00:00:00+00:00,91031.0,91273.0
2026-01-09 00:00:00+00:00,90510.0,91031.0
2026-01-10 00:00:00+00:00,90382.0,90510.0
2026-01-11 00:00:00+00:00,90872.0,90382.0
2026-01-12 00:00:00+00:00,91195.0,90872.0
2026-01-13 00:00:00+00:00,95366.0,91195.0
2026-01-14 00:00:00+00:00,96942.0,95366.0
2026-01-15 00:00:00+00:00,95577.0,96942.0
2026-01-16 00:00:00+00:00,95521.0,95577.0
2026-01-17 00:00:00+00:00,95113.0,95521.0
2026-01-18 00:00:00+00:00,93636.0,95113.0
2026-01-19 00:00:00+00:00,92560.0,93636.0
2026-01-20 00:00:00+00:00,88316.0,92560.0
2026-01-21 00:00:00+00:00,89374.0,88316.0
2026-01-22 00:00:00+00:00,89464.0,89374.0
2026-01-23 00:00:00+00:00,89493.0,89464.0
2026-01-24 00:00:00+00:00,89089.0,89493.0
2026-01-25 00:00:00+00:00,86567.0,89089.0
2026-01-26 00:00:00+00:00,88247.0,86567.0
2026-01-27 00:00:00+00:00,89135.0,88247.0
2026-01-28 00:00:00+00:00,89168.0,89135.0
2026-01-29 00:00:00+00:00,84530.0,89168.0
2026-01-30 00:00:00+00:00,84130.0,84530.0
2026-01-31 00:00:00+00:00,78635.0,84130.0
2026-02-01 00:00:00+00:00,76888.0,78635.0
2026-02-02 00:00:00+00:00,78666.0,76888.0
2026-02-03 00:00:00+00:00,75662.0,78666.0
2026-02-04 00:00:00+00:00,73000.0,75662.0
2026-02-05 00:00:00+00:00,62795.0,73000.0
2026-02-06 00:00:00+00:00,70531.0,62795.0
2026-02-07 00:00:00+00:00,69246.0,70531.0
2026-02-08 00:00:00+00:00,70283.0,69246.0
2026-02-09 00:00:00+00:00,70094.0,70283.0
2026-02-10 00:00:00+00:00,68802.0,70094.0
2026-02-11 00:00:00+00:00,67053.0,68802.0
2026-02-12 00:00:00+00:00,66207.0,67053.0
2026-02-13 00:00:00+00:00,68812.0,66207.0
2026-02-14 00:00:00+00:00,69791.0,68812.0
2026-02-15 00:00:00+00:00,68792.0,69791.0
2026-02-16 00:00:00+00:00,68867.0,68792.0
2026-02-17 00:00:00+00:00,67468.0,68867.0
2026-02-18 00:00:00+00:00,66425.0,67468.0
2026-02-19 00:00:00+00:00,66973.0,66425.0
2026-02-20 00:00:00+00:00,67992.0,66973.0
2026-02-21 00:00:00+00:00,67966.0,67992.0
2026-02-22 00:00:00+00:00,67612.0,67966.0
2026-02-23 00:00:00+00:00,64630.0,67612.0
2026-02-24 00:00:00+00:00,64059.0,64630.0
2026-02-25 00:00:00+00:00,67994.0,64059.0
2026-02-26 00:00:00+00:00,67488.0,67994.0
2026-02-27 00:00:00+00:00,65868.0,67488.0
2026-02-28 00:00:00+00:00,66985.0,65868.0
2026-03-01 00:00:00+00:00,65771.0,66985.0
2026-03-02 00:00:00+00:00,68821.0,65771.0
2026-03-03 00:00:00+00:00,68336.0,68821.0
2026-03-04 00:00:00+00:00,72691.0,68336.0
2026-03-05 00:00:00+00:00,70896.0,72691.0
2026-03-06 00:00:00+00:00,68114.0,70896.0
2026-03-07 00:00:00+00:00,67269.0,68114.0
2026-03-08 00:00:00+00:00,65975.0,67269.0
2026-03-09 00:00:00+00:00,68453.0,65975.0
2026-03-10 00:00:00+00:00,69963.0,68453.0
2026-03-11 00:00:00+00:00,70196.0,69963.0
2026-03-12 00:00:00+00:00,70529.0,70196.0
2026-03-13 00:00:00+00:00,70949.0,70529.0
2026-03-14 00:00:00+00:00,71218.0,70949.0
2026-03-15 00:00:00+00:00,72831.0,71218.0
2026-03-16 00:00:00+00:00,74876.0,72831.0
2026-03-17 00:00:00+00:00,73928.0,74876.0
2026-03-18 00:00:00+00:00,71259.0,73928.0
2026-03-19 00:00:00+00:00,69921.0,71259.0
2026-03-20 00:00:00+00:00,70502.0,69921.0
2026-03-21 00:00:00+00:00,68910.0,70502.0
2026-03-22 00:00:00+00:00,67860.0,68910.0
2026-03-23 00:00:00+00:00,70883.0,67860.0
2026-03-24 00:00:00+00:00,70519.0,70883.0
2026-03-25 00:00:00+00:00,71301.0,70519.0
2026-03-26 00:00:00+00:00,68779.0,71301.0
2026-03-27 00:00:00+00:00,66359.0,68779.0
2026-03-28 00:00:00+00:00,66321.0,66359.0
2026-03-29 00:00:00+00:00,65954.0,66321.0
2026-03-30 00:00:00+00:00,66731.0,65954.0
2026-03-31 00:00:00+00:00,68215.0,66731.0
2026-04-01 00:00:00+00:00,68102.0,68215.0
2026-04-02 00:00:00+00:00,66890.0,68102.0
2026-04-03 00:00:00+00:00,66944.0,66890.0
2026-04-04 00:00:00+00:00,67290.0,66944.0
2026-04-05 00:00:00+00:00,68999.0,67290.0
2026-04-06 00:00:00+00:00,68857.0,68999.0
2026-04-07 00:00:00+00:00,71940.0,68857.0
2026-04-08 00:00:00+00:00,71110.0,71940.0
2026-04-09 00:00:00+00:00,71812.0,71110.0
2026-04-10 00:00:00+00:00,72980.0,71812.0
2026-04-11 00:00:00+00:00,73071.0,72980.0
2026-04-12 00:00:00+00:00,70746.0,73071.0
2026-04-13 00:00:00+00:00,74447.0,70746.0
2026-04-14 00:00:00+00:00,74184.0,74447.0
2026-04-15 00:00:00+00:00,74818.0,74184.0
2026-04-16 00:00:00+00:00,75178.0,74818.0
2026-04-17 00:00:00+00:00,77108.0,75178.0
2026-04-18 00:00:00+00:00,75737.0,77108.0
2026-04-19 00:00:00+00:00,73825.0,75737.0
2026-04-20 00:00:00+00:00,75870.0,73825.0
2026-04-21 00:00:00+00:00,76345.0,75870.0
2026-04-22 00:00:00+00:00,78208.0,76345.0
2026-04-23 00:00:00+00:00,78269.0,78208.0
2026-04-24 00:00:00+00:00,77466.0,78269.0
2026-04-25 00:00:00+00:00,77639.0,77466.0
2026-04-26 00:00:00+00:00,78660.0,77639.0
2026-04-27 00:00:00+00:00,77373.0,78660.0
2026-04-28 00:00:00+00:00,76323.0,77373.0
2026-04-29 00:00:00+00:00,75745.0,76323.0
2026-04-30 00:00:00+00:00,76310.0,75745.0
2026-05-01 00:00:00+00:00,78232.0,76310.0
2026-05-02 00:00:00+00:00,78690.0,78232.0
2026-05-03 00:00:00+00:00,78565.0,78690.0
2026-05-04 00:00:00+00:00,79844.0,78565.0
2026-05-05 00:00:00+00:00,80913.0,79844.0
2026-05-06 00:00:00+00:00,81447.0,80913.0
2026-05-07 00:00:00+00:00,80017.0,81447.0
2026-05-08 00:00:00+00:00,80199.0,80017.0
2026-05-09 00:00:00+00:00,80665.0,80199.0
2026-05-10 00:00:00+00:00,82193.0,80665.0
2026-05-11 00:00:00+00:00,81736.0,82193.0
2026-05-12 00:00:00+00:00,80491.0,81736.0
2026-05-13 00:00:00+00:00,79284.0,80491.0
2026-05-14 00:00:00+00:00,81075.0,79284.0
2026-05-15 00:00:00+00:00,79062.0,81075.0
2026-05-16 00:00:00+00:00,78118.0,79062.0
2026-05-17 00:00:00+00:00,77412.0,78118.0
2026-05-18 00:00:00+00:00,76949.0,77412.0
2026-05-19 00:00:00+00:00,76757.0,76949.0
2026-05-20 00:00:00+00:00,77470.5,76757.0
2026-05-21 00:00:00+00:00,77554.0,77470.5
2026-05-22 00:00:00+00:00,75451.01,77554.0
2026-05-23 00:00:00+00:00,76655.99,75451.01
2026-05-24 00:00:00+00:00,76974.88,76655.99
2026-05-25 00:00:00+00:00,77254.92,76974.88
2026-05-26 00:00:00+00:00,75820.94,77254.92
2026-05-27 00:00:00+00:00,74330.48,75820.94
2026-05-28 00:00:00+00:00,73519.16,74330.48
2026-05-29 00:00:00+00:00,73373.29,73519.16
2026-05-30 00:00:00+00:00,73762.15,73373.29
2026-05-31 00:00:00+00:00,73567.99,73762.15
2026-06-01 00:00:00+00:00,71313.86,73567.99
2026-06-02 00:00:00+00:00,66668.6,71313.86
2026-06-03 00:00:00+00:00,64045.64,66668.6
2026-06-04 00:00:00+00:00,63814.8,64045.64
2026-06-05 00:00:00+00:00,61042.14,63814.8
2026-06-06 00:00:00+00:00,60858.64,61042.14
2026-06-07 00:00:00+00:00,63315.72,60858.64
2026-06-08 00:00:00+00:00,63061.78,63315.72
2026-06-09 00:00:00+00:00,61685.44,63061.78
2026-06-10 00:00:00+00:00,61456.49,61685.44
2026-06-11 00:00:00+00:00,63558.21,61456.49
2026-06-12 00:00:00+00:00,63531.04,63558.21
2026-06-13 00:00:00+00:00,64440.0,63531.04
2026-06-14 00:00:00+00:00,65712.5,64440.0
2026-06-15 00:00:00+00:00,66282.05,65712.5
2026-06-16 00:00:00+00:00,65612.86,66282.05
2026-06-17 00:00:00+00:00,64443.27,65612.86
2026-06-18 00:00:00+00:00,62889.92,64443.27
2026-06-19 00:00:00+00:00,63487.34,62889.92
2026-06-20 00:00:00+00:00,64245.72,63487.34
2026-06-21 00:00:00+00:00,63237.18,64245.72
2026-06-22 00:00:00+00:00,63948.96,63237.18
2026-06-23 00:00:00+00:00,62651.43,63948.96
2026-06-24 00:00:00+00:00,60987.0,62651.43
2026-06-25 00:00:00+00:00,59696.26,60987.0
2026-06-26 00:00:00+00:00,60019.38,59696.26
2026-06-27 00:00:00+00:00,59940.07,60019.38
2026-06-28 00:00:00+00:00,59473.29,59940.07
2026-06-29 00:00:00+00:00,60163.86,59473.29
2026-06-30 00:00:00+00:00,58526.17,60163.86
2026-07-01 00:00:00+00:00,59963.46,58526.17
2026-07-02 00:00:00+00:00,61479.1,59963.46
2026-07-03 00:00:00+00:00,62522.46,61479.1
2026-07-04 00:00:00+00:00,63086.18,62522.46
2026-07-05 00:00:00+00:00,63587.06,63086.18
2026-07-06 00:00:00+00:00,64000.1,63587.06
2026-07-07 00:00:00+00:00,63902.77,64000.1
