Timestamp,Actual,Naive,Persistence_Enhanced_LSTM,Chronos_Bolt_Tiny
2023-08-12 00:00:00+00:00,29415.0,29398.0,29310.18211853504,29454.22265625
2023-08-13 00:00:00+00:00,29284.0,29415.0,29327.78881251812,29386.662109375
2023-08-14 00:00:00+00:00,29408.0,29284.0,29188.75535225868,29053.404296875
2023-08-15 00:00:00+00:00,29172.0,29408.0,29320.85338783264,28988.236328125
2023-08-16 00:00:00+00:00,28701.0,29172.0,29069.8288936615,28751.79296875
2023-08-17 00:00:00+00:00,26642.0,28701.0,28571.487057745457,28273.064453125
2023-08-18 00:00:00+00:00,26051.0,26642.0,26396.74176812172,26497.435546875
2023-08-19 00:00:00+00:00,26097.0,26051.0,25788.47321242094,26045.431640625
2023-08-20 00:00:00+00:00,26192.0,26097.0,25852.10481083393,26052.6171875
2023-08-21 00:00:00+00:00,26125.0,26192.0,25967.04395008087,26090.5390625
2023-08-22 00:00:00+00:00,26042.0,26125.0,25910.968355834484,26071.806640625
2023-08-23 00:00:00+00:00,26431.0,26042.0,25838.11690890789,26070.505859375
2023-08-24 00:00:00+00:00,26168.0,26431.0,26264.31528162956,26271.759765625
2023-08-25 00:00:00+00:00,26048.0,26168.0,25997.282396793365,26163.365234375
2023-08-26 00:00:00+00:00,26008.0,26048.0,25882.705932617188,26158.75390625
2023-08-27 00:00:00+00:00,26090.0,26008.0,25851.803639888763,26094.931640625
2023-08-28 00:00:00+00:00,26103.0,26090.0,25948.956884145737,26125.251953125
2023-08-29 00:00:00+00:00,27726.0,26103.0,25971.498709201813,26186.65625
2023-08-30 00:00:00+00:00,27300.0,27726.0,27702.17448914051,27312.62109375
2023-08-31 00:00:00+00:00,25932.0,27300.0,27246.2663769722,27181.609375
2023-09-01 00:00:00+00:00,25798.0,25932.0,25795.777218818665,26353.724609375
2023-09-02 00:00:00+00:00,25870.0,25798.0,25661.62156760693,26248.6640625
2023-09-03 00:00:00+00:00,25970.0,25870.0,25743.17587375641,26168.63671875
2023-09-04 00:00:00+00:00,25819.0,25970.0,25853.911244869232,26128.494140625
2023-09-05 00:00:00+00:00,25783.0,25819.0,25698.006062865257,26015.57421875
2023-09-06 00:00:00+00:00,25748.0,25783.0,25664.83340811729,25960.779296875
2023-09-07 00:00:00+00:00,26245.0,25748.0,25632.26517391205,25929.37109375
2023-09-08 00:00:00+00:00,25908.0,26245.0,26163.756838142872,26072.822265625
2023-09-09 00:00:00+00:00,25899.0,25908.0,25807.236982584,25949.71875
2023-09-10 00:00:00+00:00,25836.0,25899.0,25801.36710584164,26001.044921875
2023-09-11 00:00:00+00:00,25155.0,25836.0,25737.0523352623,25923.1640625
2023-09-12 00:00:00+00:00,25844.0,25155.0,25017.73556381464,25564.470703125
2023-09-13 00:00:00+00:00,26226.0,25844.0,25754.486052036285,25840.05078125
2023-09-14 00:00:00+00:00,26529.0,26226.0,26160.782091021538,25968.181640625
2023-09-15 00:00:00+00:00,26607.0,26529.0,26482.560221135616,26148.5234375
2023-09-16 00:00:00+00:00,26571.0,26607.0,26563.6652610898,26261.482421875
2023-09-17 00:00:00+00:00,26535.0,26571.0,26523.51110583544,26265.564453125
2023-09-18 00:00:00+00:00,26770.0,26535.0,26482.757864892483,26315.03515625
2023-09-19 00:00:00+00:00,27214.0,26770.0,26729.744195342064,26745.248046875
2023-09-20 00:00:00+00:00,27128.0,27214.0,27197.56021106243,27211.4921875
2023-09-21 00:00:00+00:00,26563.0,27128.0,27099.39445257187,27119.89453125
2023-09-22 00:00:00+00:00,26581.0,26563.0,26493.57958495617,26935.9609375
2023-09-23 00:00:00+00:00,26583.0,26581.0,26510.72610861063,27341.701171875
2023-09-24 00:00:00+00:00,26248.0,26583.0,26510.17774629593,27692.671875
2023-09-25 00:00:00+00:00,26297.0,26248.0,26152.455819129944,26887.37890625
2023-09-26 00:00:00+00:00,26208.0,26297.0,26204.810428619385,26460.76171875
2023-09-27 00:00:00+00:00,26361.0,26208.0,26110.158267974854,26227.72265625
2023-09-28 00:00:00+00:00,27026.0,26361.0,26273.389338076115,26274.4140625
2023-09-29 00:00:00+00:00,26911.0,27026.0,26979.202466607094,27088.048828125
2023-09-30 00:00:00+00:00,26966.0,26911.0,26853.577666699886,26735.8671875
2023-10-01 00:00:00+00:00,27995.0,26966.0,26910.771604180336,26746.6953125
2023-10-02 00:00:00+00:00,27507.0,27995.0,28002.66903281212,28210.96484375
2023-10-03 00:00:00+00:00,27435.0,27507.0,27474.15007710457,27618.205078125
2023-10-04 00:00:00+00:00,27790.0,27435.0,27393.50707948208,27542.69921875
2023-10-05 00:00:00+00:00,27417.0,27790.0,27766.22053384781,28072.30078125
2023-10-06 00:00:00+00:00,27948.0,27417.0,27362.627544879917,27637.8671875
2023-10-07 00:00:00+00:00,27971.0,27948.0,27923.53227996826,28070.904296875
2023-10-08 00:00:00+00:00,27933.0,27971.0,27940.363504886627,28003.9375
2023-10-09 00:00:00+00:00,27594.0,27933.0,27893.95890301466,27943.689453125
2023-10-10 00:00:00+00:00,27395.0,27594.0,27528.069330453876,27594.275390625
2023-10-11 00:00:00+00:00,26874.0,27395.0,27313.62269550562,27420.791015625
2023-10-12 00:00:00+00:00,26756.0,26874.0,26758.98005604744,26736.140625
2023-10-13 00:00:00+00:00,26867.0,26756.0,26635.09320688248,26568.162109375
2023-10-14 00:00:00+00:00,26855.0,26867.0,26754.498588323597,26777.33203125
2023-10-15 00:00:00+00:00,27174.0,26855.0,26743.317164182663,26690.453125
2023-10-16 00:00:00+00:00,28518.0,27174.0,27084.043669581413,27123.828125
2023-10-17 00:00:00+00:00,28408.0,28518.0,28512.854689478874,28577.8359375
2023-10-18 00:00:00+00:00,28328.0,28408.0,28388.517479896545,28214.326171875
2023-10-19 00:00:00+00:00,28733.0,28328.0,28298.929433345795,28370.970703125
2023-10-20 00:00:00+00:00,29688.0,28733.0,28724.83593922853,29030.83984375
2023-10-21 00:00:00+00:00,29927.0,29688.0,29734.262924194336,30090.240234375
2023-10-22 00:00:00+00:00,30002.0,29927.0,29975.9221752882,30233.955078125
2023-10-23 00:00:00+00:00,33074.0,30002.0,30042.61135172844,30205.388671875
2023-10-24 00:00:00+00:00,33917.0,33074.0,33311.56119275093,33118.1484375
2023-10-25 00:00:00+00:00,34498.0,33917.0,34181.06683766842,34490.19140625
2023-10-26 00:00:00+00:00,34165.0,34498.0,34769.896752119064,35559.09765625
2023-10-27 00:00:00+00:00,33906.0,34165.0,34375.29012739658,35011.546875
2023-10-28 00:00:00+00:00,34091.0,33906.0,34064.27716040611,34677.39453125
2023-10-29 00:00:00+00:00,34538.0,34091.0,34230.365513682365,35057.98828125
2023-10-30 00:00:00+00:00,34495.0,34538.0,34676.883091926575,35537.64453125
2023-10-31 00:00:00+00:00,34661.0,34495.0,34599.45618510246,35044.4609375
2023-11-01 00:00:00+00:00,35440.0,34661.0,34748.58416378498,35105.46484375
2023-11-02 00:00:00+00:00,34937.0,35440.0,35553.7859249115,36210.19140625
2023-11-03 00:00:00+00:00,34727.0,34937.0,34988.08562016487,35121.58203125
2023-11-04 00:00:00+00:00,35086.0,34727.0,34742.73944735527,34831.6015625
2023-11-05 00:00:00+00:00,35045.0,35086.0,35106.35660290718,35557.50390625
2023-11-06 00:00:00+00:00,35042.0,35045.0,35043.23492616415,35348.76171875
2023-11-07 00:00:00+00:00,35414.0,35042.0,35024.13564002514,35347.78125
2023-11-08 00:00:00+00:00,35640.0,35414.0,35405.99147725105,36042.5078125
2023-11-09 00:00:00+00:00,36693.0,35640.0,35631.99135303497,36282.58984375
2023-11-10 00:00:00+00:00,37319.0,36693.0,36739.702761769295,37303.0625
2023-11-11 00:00:00+00:00,37152.0,37319.0,37388.23178172112,37819.8125
2023-11-12 00:00:00+00:00,37086.0,37152.0,37190.07936859131,37671.546875
2023-11-13 00:00:00+00:00,36485.0,37086.0,37102.61852288246,37528.6640625
2023-11-14 00:00:00+00:00,35564.0,36485.0,36446.80400013924,36706.26953125
2023-11-15 00:00:00+00:00,37877.0,35564.0,35457.004125356674,35612.515625
2023-11-16 00:00:00+00:00,36165.0,37877.0,37910.8601616621,38343.1640625
2023-11-17 00:00:00+00:00,36625.0,36165.0,36069.61461246014,36772.6875
2023-11-18 00:00:00+00:00,36590.0,36625.0,36555.848471820354,36954.640625
2023-11-19 00:00:00+00:00,37426.0,36590.0,36510.28686404228,36887.671875
2023-11-20 00:00:00+00:00,37480.0,37426.0,37392.93116283417,37752.34375
2023-11-21 00:00:00+00:00,35758.0,37480.0,37440.118951797485,38037.1640625
2023-11-22 00:00:00+00:00,37424.0,35758.0,35602.87660193443,36241.5625
2023-11-23 00:00:00+00:00,37301.0,37424.0,37373.47590827942,37860.2578125
2023-11-24 00:00:00+00:00,37746.0,37301.0,37232.72650885582,37866.140625
2023-11-25 00:00:00+00:00,37809.0,37746.0,37701.08425569534,38273.25
2023-11-26 00:00:00+00:00,37460.0,37809.0,37760.55002528429,38330.61328125
2023-11-27 00:00:00+00:00,37240.0,37460.0,37382.65168905258,37915.78125
2023-11-28 00:00:00+00:00,37839.0,37240.0,37144.36077833176,37692.2265625
2023-11-29 00:00:00+00:00,37863.0,37839.0,37777.16198694706,38277.94140625
2023-11-30 00:00:00+00:00,37719.0,37863.0,37795.63194483519,38360.2421875
2023-12-01 00:00:00+00:00,38707.0,37719.0,37637.03861474991,38249.28125
2023-12-02 00:00:00+00:00,39474.0,38707.0,38682.82833534479,39337.5390625
2023-12-03 00:00:00+00:00,39989.0,39474.0,39488.916965961456,40277.01171875
2023-12-04 00:00:00+00:00,41985.0,39989.0,40024.3143825531,40555.86328125
2023-12-05 00:00:00+00:00,44075.0,41985.0,42138.10801684856,42739.3828125
2023-12-06 00:00:00+00:00,43764.0,44075.0,44345.373275876045,44866.54296875
2023-12-07 00:00:00+00:00,43291.0,43764.0,43973.86729001999,44415.9140625
2023-12-08 00:00:00+00:00,44193.0,43291.0,43435.282552957535,43428.34375
2023-12-09 00:00:00+00:00,43712.0,44193.0,44368.36837863922,44720.19140625
2023-12-10 00:00:00+00:00,43786.0,43712.0,43817.99443817139,44011.9609375
2023-12-11 00:00:00+00:00,41242.0,43786.0,43867.693492650986,43801.4921875
2023-12-12 00:00:00+00:00,41458.0,41242.0,41131.463915109634,40918.59375
2023-12-13 00:00:00+00:00,42888.0,41458.0,41352.42764914036,41173.375
2023-12-14 00:00:00+00:00,43031.0,42888.0,42860.06449127197,43036.98828125
2023-12-15 00:00:00+00:00,41925.0,43031.0,42994.87412339449,43248.9140625
2023-12-16 00:00:00+00:00,42246.0,41925.0,41805.17406016588,41987.03125
2023-12-17 00:00:00+00:00,41345.0,42246.0,42142.127596735954,42560.34765625
2023-12-18 00:00:00+00:00,42650.0,41345.0,41178.27659189701,40983.77734375
2023-12-19 00:00:00+00:00,42258.0,42650.0,42564.06302154064,42613.81640625
2023-12-20 00:00:00+00:00,43665.0,42258.0,42139.34060025215,42337.765625
2023-12-21 00:00:00+00:00,43873.0,43665.0,43632.74552196264,43964.234375
2023-12-22 00:00:00+00:00,44002.0,43873.0,43843.39257848263,44048.26953125
2023-12-23 00:00:00+00:00,43733.0,44002.0,43970.43552172184,44038.19921875
2023-12-24 00:00:00+00:00,43033.0,43733.0,43674.15136814117,43830.25
2023-12-25 00:00:00+00:00,43591.0,43033.0,42921.93694281578,43146.44140625
2023-12-26 00:00:00+00:00,42510.0,43591.0,43510.852520406246,44140.546875
2023-12-27 00:00:00+00:00,43473.0,42510.0,42354.9521112442,42838.03125
2023-12-28 00:00:00+00:00,42583.0,43473.0,43378.07942819595,43612.765625
2023-12-29 00:00:00+00:00,42072.0,42583.0,42426.19596546888,42580.1015625
2023-12-30 00:00:00+00:00,42148.0,42072.0,41885.949714660645,41972.125
2023-12-31 00:00:00+00:00,42258.0,42148.0,41970.06974935532,42116.015625
2024-01-01 00:00:00+00:00,44187.0,42258.0,42089.22457230091,42484.734375
2024-01-02 00:00:00+00:00,44970.0,44187.0,44140.38525098562,44459.125
2024-01-03 00:00:00+00:00,42865.0,44970.0,44964.931324124336,44957.81640625
2024-01-04 00:00:00+00:00,44186.0,42865.0,42716.33749902248,43210.453125
2024-01-05 00:00:00+00:00,44184.0,44186.0,44122.57018995285,44655.5859375
2024-01-06 00:00:00+00:00,43999.0,44184.0,44111.72952747345,44725.4140625
2024-01-07 00:00:00+00:00,43944.0,43999.0,43909.56073331833,44326.6015625
2024-01-08 00:00:00+00:00,46995.0,43944.0,43846.099675655365,44350.29296875
2024-01-09 00:00:00+00:00,46124.0,46995.0,47088.568621873856,47412.34765625
2024-01-10 00:00:00+00:00,46681.0,46124.0,46135.9865322113,46778.859375
2024-01-11 00:00:00+00:00,46360.0,46681.0,46717.68321990967,47153.4140625
2024-01-12 00:00:00+00:00,42778.0,46360.0,46356.91895246506,46984.68359375
2024-01-13 00:00:00+00:00,42843.0,42778.0,42536.87613737583,43979.07421875
2024-01-14 00:00:00+00:00,41715.0,42843.0,42613.73914682865,43876.4609375
2024-01-15 00:00:00+00:00,42493.0,41715.0,41422.33488857746,42288.82421875
2024-01-16 00:00:00+00:00,43131.0,42493.0,42257.0158059597,42734.49609375
2024-01-17 00:00:00+00:00,42738.0,43131.0,42939.61620336771,43477.24609375
2024-01-18 00:00:00+00:00,41283.0,42738.0,42527.88927733898,42941.328125
2024-01-19 00:00:00+00:00,41628.0,41283.0,40996.28652638197,41350.62109375
2024-01-20 00:00:00+00:00,41673.0,41628.0,41377.27746391296,41692.8046875
2024-01-21 00:00:00+00:00,41560.0,41673.0,41436.46772325039,41630.59765625
2024-01-22 00:00:00+00:00,39528.0,41560.0,41328.87269735336,41709.3125
2024-01-23 00:00:00+00:00,39868.0,39528.0,39191.73713350296,39633.703125
2024-01-24 00:00:00+00:00,40074.0,39868.0,39574.17303466797,40023.5546875
2024-01-25 00:00:00+00:00,39916.0,40074.0,39808.63886797428,40458.11328125
2024-01-26 00:00:00+00:00,41818.0,39916.0,39657.95186638832,40077.7109375
2024-01-27 00:00:00+00:00,42124.0,41818.0,41689.77590286732,42029.8203125
2024-01-28 00:00:00+00:00,42026.0,42124.0,42019.00394868851,42919.36328125
2024-01-29 00:00:00+00:00,43305.0,42026.0,41919.10899543762,42571.984375
2024-01-30 00:00:00+00:00,42946.0,43305.0,43281.62226051092,43634.99609375
2024-01-31 00:00:00+00:00,42558.0,42946.0,42892.64392328262,43283.51171875
2024-02-01 00:00:00+00:00,43071.0,42558.0,42475.93669116497,42862.5625
2024-02-02 00:00:00+00:00,43183.0,43071.0,43017.907082140446,43548.140625
2024-02-03 00:00:00+00:00,42994.0,43183.0,43129.97236025333,43644.5625
2024-02-04 00:00:00+00:00,42570.0,42994.0,42921.0825817585,43258.4453125
2024-02-05 00:00:00+00:00,42659.0,42570.0,42464.35661137104,42982.234375
2024-02-06 00:00:00+00:00,43092.0,42659.0,42555.22073858976,43197.1171875
2024-02-07 00:00:00+00:00,44346.0,43092.0,43010.591920137405,43677.4453125
2024-02-08 00:00:00+00:00,45300.0,44346.0,44336.77249252796,44836.8984375
2024-02-09 00:00:00+00:00,47161.0,45300.0,45339.84253406525,45802.31640625
2024-02-10 00:00:00+00:00,47770.0,47161.0,47307.62252426148,47715.62890625
2024-02-11 00:00:00+00:00,48313.0,47770.0,47930.258214473724,48624.375
2024-02-12 00:00:00+00:00,49937.0,48313.0,48482.50943660736,49110.04296875
2024-02-13 00:00:00+00:00,49720.0,49937.0,50186.053748726845,51080.1953125
2024-02-14 00:00:00+00:00,51844.0,49720.0,49912.25688457489,50269.03125
2024-02-15 00:00:00+00:00,51942.0,51844.0,52146.59918308258,52599.2890625
2024-02-16 00:00:00+00:00,52161.0,51942.0,52200.04411268234,52727.3203125
2024-02-17 00:00:00+00:00,51664.0,52161.0,52388.73080635071,52630.85546875
2024-02-18 00:00:00+00:00,52130.0,51664.0,51812.9020023346,52022.18359375
2024-02-19 00:00:00+00:00,51789.0,52130.0,52271.27150654793,52505.58984375
2024-02-20 00:00:00+00:00,52275.0,51789.0,51867.536018013954,51754.0859375
2024-02-21 00:00:00+00:00,51843.0,52275.0,52352.65901684761,52487.65625
2024-02-22 00:00:00+00:00,51253.0,51843.0,51859.47014558315,52012.1640625
2024-02-23 00:00:00+00:00,50743.0,51253.0,51205.16305691004,51199.8515625
2024-02-24 00:00:00+00:00,51562.0,50743.0,50643.01546776295,50586.1640625
2024-02-25 00:00:00+00:00,51722.0,51562.0,51499.15030550957,51734.49609375
2024-02-26 00:00:00+00:00,54524.0,51722.0,51651.023050904274,51894.171875
2024-02-27 00:00:00+00:00,57068.0,54524.0,54619.73507261276,54852.42578125
2024-02-28 00:00:00+00:00,62512.0,57068.0,57305.05858325958,57122.91796875
2024-02-29 00:00:00+00:00,61161.0,62512.0,63094.948472976685,63087.28125
2024-03-01 00:00:00+00:00,62444.0,61161.0,61570.80295264721,61600.546875
2024-03-02 00:00:00+00:00,62042.0,62444.0,62890.99160003662,62658.26953125
2024-03-03 00:00:00+00:00,63142.0,62042.0,62392.096239089966,62479.92578125
2024-03-04 00:00:00+00:00,68359.0,63142.0,63508.95428395271,63615.68359375
2024-03-05 00:00:00+00:00,63796.0,68359.0,69035.44265067577,69627.0625
2024-03-06 00:00:00+00:00,66120.0,63796.0,64044.9293422699,64534.8359375
2024-03-07 00:00:00+00:00,66941.0,66120.0,66479.02260303497,66594.625
2024-03-08 00:00:00+00:00,68285.0,66941.0,67283.38941025734,67826.140625
2024-03-09 00:00:00+00:00,68463.0,68285.0,68652.22098827362,69128.609375
2024-03-10 00:00:00+00:00,69026.0,68463.0,68770.76735901833,68848.234375
2024-03-11 00:00:00+00:00,72118.0,69026.0,69306.96351265907,69127.0078125
2024-03-12 00:00:00+00:00,71473.0,72118.0,72549.81692409515,73273.6328125
2024-03-13 00:00:00+00:00,73121.0,71473.0,71780.08669018745,72552.890625
2024-03-14 00:00:00+00:00,71371.0,73121.0,73478.0361328125,74747.4140625
2024-03-15 00:00:00+00:00,69516.0,71371.0,71536.41421198845,72880.453125
2024-03-16 00:00:00+00:00,65248.0,69516.0,69507.81249046326,70229.890625
2024-03-17 00:00:00+00:00,68352.0,65248.0,64937.77166938782,65699.546875
2024-03-18 00:00:00+00:00,67613.0,68352.0,68225.03485107422,69244.140625
2024-03-19 00:00:00+00:00,61897.0,67613.0,67412.57761073112,68642.203125
2024-03-20 00:00:00+00:00,67872.0,61897.0,61349.04686337709,61866.890625
2024-03-21 00:00:00+00:00,65485.0,67872.0,67699.34268379211,68753.0625
2024-03-22 00:00:00+00:00,63807.0,65485.0,65150.44805049896,65845.1171875
2024-03-23 00:00:00+00:00,64001.0,63807.0,63387.96413254738,63556.84375
2024-03-24 00:00:00+00:00,67188.0,64001.0,63612.84848845005,63802.88671875
2024-03-25 00:00:00+00:00,69898.0,67188.0,67007.40328788757,67048.859375
2024-03-26 00:00:00+00:00,69997.0,69898.0,69886.57198870182,69698.34375
2024-03-27 00:00:00+00:00,69421.0,69997.0,69978.95963931084,70048.9375
2024-03-28 00:00:00+00:00,70803.0,69421.0,69353.76879739761,69385.203125
2024-03-29 00:00:00+00:00,69903.0,70803.0,70813.75303816795,71364.3984375
2024-03-30 00:00:00+00:00,69613.0,69903.0,69833.03540182114,70543.1875
2024-03-31 00:00:00+00:00,71285.0,69613.0,69512.49666941166,70212.9609375
2024-04-01 00:00:00+00:00,69699.0,71285.0,71277.5983864069,71892.65625
2024-04-02 00:00:00+00:00,65469.0,69699.0,69567.01937037706,70437.8515625
2024-04-03 00:00:00+00:00,65988.0,65469.0,65069.9942740202,65398.94140625
2024-04-04 00:00:00+00:00,68538.0,65988.0,65632.93902182579,66001.7734375
2024-04-05 00:00:00+00:00,67857.0,68538.0,68343.79039335251,68839.5
2024-04-06 00:00:00+00:00,68917.0,67857.0,67614.41343820095,68010.0859375
2024-04-07 00:00:00+00:00,69358.0,68917.0,68743.91486406326,68785.484375
2024-04-08 00:00:00+00:00,71613.0,69358.0,69208.25611662865,69222.609375
2024-04-09 00:00:00+00:00,69135.0,71613.0,71601.6714874506,71463.625
2024-04-10 00:00:00+00:00,70630.0,69135.0,68947.6740476489,69430.0703125
2024-04-11 00:00:00+00:00,70015.0,70630.0,70536.0945045948,70971.3125
2024-04-12 00:00:00+00:00,67150.0,70015.0,69868.46992731094,70868.6796875
2024-04-13 00:00:00+00:00,64054.0,67150.0,66820.7903265953,67533.296875
2024-04-14 00:00:00+00:00,65749.0,64054.0,63554.81894767285,64171.8203125
2024-04-15 00:00:00+00:00,63438.0,65749.0,65372.09146976471,65646.8125
2024-04-16 00:00:00+00:00,63830.0,63438.0,62938.85520350933,63051.6875
2024-04-17 00:00:00+00:00,61278.0,63830.0,63381.369561553,63248.52734375
2024-04-18 00:00:00+00:00,63515.0,61278.0,60708.09673511982,60453.1484375
2024-04-19 00:00:00+00:00,63821.0,63515.0,63111.730182766914,62807.58984375
2024-04-20 00:00:00+00:00,64990.0,63821.0,63454.62645196915,63274.875
2024-04-21 00:00:00+00:00,64950.0,64990.0,64717.1439063549,64837.203125
2024-04-22 00:00:00+00:00,66855.0,64950.0,64689.494892954826,64673.7890625
2024-04-23 00:00:00+00:00,66421.0,66855.0,66725.85041105747,66684.125
2024-04-24 00:00:00+00:00,64259.0,66421.0,66263.34865659475,66453.53125
2024-04-25 00:00:00+00:00,64493.0,64259.0,63971.28026866913,64265.7109375
2024-04-26 00:00:00+00:00,63745.0,64493.0,64232.75178045034,64701.453125
2024-04-27 00:00:00+00:00,63429.0,63745.0,63446.33285433054,64173.4453125
2024-04-28 00:00:00+00:00,63098.0,63429.0,63122.38066828251,63883.5859375
2024-04-29 00:00:00+00:00,63832.0,63098.0,62783.254965782166,63353.19921875
2024-04-30 00:00:00+00:00,60632.0,63832.0,63573.91308689117,63921.75390625
2024-05-01 00:00:00+00:00,58256.0,60632.0,60191.19582033157,60244.875
2024-05-02 00:00:00+00:00,59099.0,58256.0,57708.833996772766,57738.3671875
2024-05-03 00:00:00+00:00,62915.0,59099.0,58634.01659041643,58454.140625
2024-05-04 00:00:00+00:00,63899.0,62915.0,62699.25349116325,62558.10546875
2024-05-05 00:00:00+00:00,64021.0,63899.0,63749.208534538746,63094.37890625
2024-05-06 00:00:00+00:00,63164.0,64021.0,63884.50350558758,63616.8515625
2024-05-07 00:00:00+00:00,62320.0,63164.0,62976.675238609314,63422.47265625
2024-05-08 00:00:00+00:00,61181.0,62320.0,62086.18321418762,62278.109375
2024-05-09 00:00:00+00:00,63075.0,61181.0,60884.89389878512,60973.62890625
2024-05-10 00:00:00+00:00,60793.0,63075.0,62906.0941144824,63219.2734375
2024-05-11 00:00:00+00:00,60816.0,60793.0,60482.19041305781,61355.1953125
2024-05-12 00:00:00+00:00,61462.0,60816.0,60521.69668865204,61141.875
2024-05-13 00:00:00+00:00,62934.0,61462.0,61216.88052248955,61552.734375
2024-05-14 00:00:00+00:00,61543.0,62934.0,62785.94551670551,62774.6640625
2024-05-15 00:00:00+00:00,66242.0,61543.0,61306.29158264399,61880.81640625
2024-05-16 00:00:00+00:00,65252.0,66242.0,66309.84811782837,65777.875
2024-05-17 00:00:00+00:00,67053.0,65252.0,65230.03310775757,64869.53515625
2024-05-18 00:00:00+00:00,66930.0,67053.0,67138.53673660755,66589.53125
2024-05-19 00:00:00+00:00,66275.0,66930.0,66980.01833081245,66179.9296875
2024-05-20 00:00:00+00:00,71401.0,66275.0,66259.4239756465,65921.0390625
2024-05-21 00:00:00+00:00,70136.0,71401.0,71705.53026032448,70275.1875
2024-05-22 00:00:00+00:00,69118.0,70136.0,70299.64716625214,69405.9140625
2024-05-23 00:00:00+00:00,67945.0,69118.0,69178.51918387413,68399.1875
2024-05-24 00:00:00+00:00,68548.0,67945.0,67898.6374592781,67743.921875
2024-05-25 00:00:00+00:00,69275.0,68548.0,68517.409771204,68321.8515625
2024-05-26 00:00:00+00:00,68489.0,69275.0,69263.90920579433,69021.375
2024-05-27 00:00:00+00:00,69392.0,68489.0,68400.43123245239,68671.3515625
2024-05-28 00:00:00+00:00,68327.0,69392.0,69342.51587295532,69764.34375
2024-05-29 00:00:00+00:00,67564.0,68327.0,68186.68241345882,68933.2421875
2024-05-30 00:00:00+00:00,68338.0,67564.0,67363.78326630592,68070.359375
2024-05-31 00:00:00+00:00,67477.0,68338.0,68179.19979929924,68463.4765625
2024-06-01 00:00:00+00:00,67723.0,67477.0,67254.09991830587,67830.2734375
2024-06-02 00:00:00+00:00,67752.0,67723.0,67512.29727351665,67716.7421875
2024-06-03 00:00:00+00:00,68801.0,67752.0,67537.62100696564,67794.53125
2024-06-04 00:00:00+00:00,70564.0,68801.0,68649.07547050714,68666.8046875
2024-06-05 00:00:00+00:00,71119.0,70564.0,70515.61904740334,70645.84375
2024-06-06 00:00:00+00:00,70775.0,71119.0,71090.18736249208,71150.921875
2024-06-07 00:00:00+00:00,69326.0,70775.0,70707.62603729963,70894.125
2024-06-08 00:00:00+00:00,69306.0,69326.0,69153.44548118114,69710.203125
2024-06-09 00:00:00+00:00,69640.0,69306.0,69125.89429628849,69662.9921875
2024-06-10 00:00:00+00:00,69501.0,69640.0,69473.90303850174,70186.640625
2024-06-11 00:00:00+00:00,67306.0,69501.0,69318.00556433201,69994.3203125
2024-06-12 00:00:00+00:00,68243.0,67306.0,66983.3028357029,67833.4140625
2024-06-13 00:00:00+00:00,66733.0,68243.0,67985.00841677189,68755.6875
2024-06-14 00:00:00+00:00,65996.0,66733.0,66384.59036701918,67068.1015625
2024-06-15 00:00:00+00:00,66182.0,65996.0,65615.15011835098,66184.65625
2024-06-16 00:00:00+00:00,66622.0,66182.0,65827.34683763981,66279.7421875
2024-06-17 00:00:00+00:00,66475.0,66622.0,66306.2951258421,66433.5859375
2024-06-18 00:00:00+00:00,65145.0,66475.0,66162.07584887743,66323.5078125
2024-06-19 00:00:00+00:00,64946.0,65145.0,64766.07120394707,65508.6796875
2024-06-20 00:00:00+00:00,64845.0,64946.0,64573.671469926834,65189.328125
2024-06-21 00:00:00+00:00,64102.0,64845.0,64485.04666507244,65116.109375
2024-06-22 00:00:00+00:00,64233.0,64102.0,63716.319313406944,63803.171875
2024-06-23 00:00:00+00:00,63154.0,64233.0,63876.43237942457,63841.95703125
2024-06-24 00:00:00+00:00,60252.0,63154.0,62751.83650052548,63047.85546875
2024-06-25 00:00:00+00:00,61789.0,60252.0,59707.59856724739,60120.59765625
2024-06-26 00:00:00+00:00,60807.0,61789.0,61368.78717553616,61389.59375
2024-06-27 00:00:00+00:00,61622.0,60807.0,60352.64052021504,60543.12109375
2024-06-28 00:00:00+00:00,60315.0,61622.0,61245.88548719883,61410.71875
2024-06-29 00:00:00+00:00,60879.0,60315.0,59885.736154317856,60543.80859375
2024-06-30 00:00:00+00:00,62676.0,60879.0,60512.22117555141,60709.015625
2024-07-01 00:00:00+00:00,62829.0,62676.0,62438.88999795914,61846.796875
2024-07-02 00:00:00+00:00,62033.0,62829.0,62612.25640958548,62387.53515625
2024-07-03 00:00:00+00:00,60142.0,62033.0,61778.6409830451,61371.13671875
2024-07-04 00:00:00+00:00,57045.0,60142.0,59787.2251996994,60091.3125
2024-07-05 00:00:00+00:00,56632.0,57045.0,56532.71685808897,57288.67578125
2024-07-06 00:00:00+00:00,58251.0,56632.0,56130.5143494606,56787.1640625
2024-07-07 00:00:00+00:00,55829.0,58251.0,57871.72236907482,58816.9375
2024-07-08 00:00:00+00:00,56710.0,55829.0,55332.6783605814,56194.8671875
2024-07-09 00:00:00+00:00,58033.0,56710.0,56300.19042909145,56246.78125
2024-07-10 00:00:00+00:00,57733.0,58033.0,57725.97593355179,57486.515625
2024-07-11 00:00:00+00:00,57348.0,57733.0,57427.01250123978,57503.234375
2024-07-12 00:00:00+00:00,57889.0,57348.0,57040.26564502716,56909.53515625
2024-07-13 00:00:00+00:00,59226.0,57889.0,57632.71068161726,56823.671875
2024-07-14 00:00:00+00:00,60823.0,59226.0,59064.961859464645,57809.7734375
2024-07-15 00:00:00+00:00,64769.0,60823.0,60766.62969237566,59362.6640625
2024-07-16 00:00:00+00:00,65081.0,64769.0,64965.8022633791,63236.60546875
2024-07-17 00:00:00+00:00,64091.0,65081.0,65268.245599627495,63899.84375
2024-07-18 00:00:00+00:00,63964.0,64091.0,64183.60738027096,63825.703125
2024-07-19 00:00:00+00:00,66705.0,63964.0,64024.19256305695,64351.8828125
2024-07-20 00:00:00+00:00,67155.0,66705.0,66920.86902558804,66979.8046875
2024-07-21 00:00:00+00:00,68158.0,67155.0,67356.39435946941,67475.9453125
2024-07-22 00:00:00+00:00,67562.0,68158.0,68385.98937320709,68567.03125
2024-07-23 00:00:00+00:00,65944.0,67562.0,67702.44596624374,68521.8203125
2024-07-24 00:00:00+00:00,65376.0,65944.0,65938.8195104599,66757.03125
2024-07-25 00:00:00+00:00,65796.0,65376.0,65307.60099220276,65676.3984375
2024-07-26 00:00:00+00:00,67921.0,65796.0,65729.59697628021,65876.1171875
2024-07-27 00:00:00+00:00,67892.0,67921.0,67967.37855148315,67881.859375
2024-07-28 00:00:00+00:00,68264.0,67892.0,67902.52945756912,67777.890625
2024-07-29 00:00:00+00:00,66780.0,68264.0,68272.55272579193,67998.265625
2024-07-30 00:00:00+00:00,66171.0,66780.0,66666.13672971725,66779.234375
2024-07-31 00:00:00+00:00,64612.0,66171.0,66003.8845834136,65974.078125
2024-08-01 00:00:00+00:00,65293.0,64612.0,64338.089007377625,64670.82421875
2024-08-02 00:00:00+00:00,61421.0,65293.0,65060.817236185074,65378.4375
2024-08-03 00:00:00+00:00,60672.0,61421.0,60955.569025456905,62198.9453125
2024-08-04 00:00:00+00:00,58142.0,60672.0,60187.93574523926,61261.078125
2024-08-05 00:00:00+00:00,54014.0,58142.0,57539.33683562279,59418.6953125
2024-08-06 00:00:00+00:00,56053.0,54014.0,53232.18985235691,55543.44921875
2024-08-07 00:00:00+00:00,55136.0,56053.0,55432.78656840325,57358.3125
2024-08-08 00:00:00+00:00,61699.0,55136.0,54506.2345085144,56238.3125
2024-08-09 00:00:00+00:00,60860.0,61699.0,61490.82509821653,61627.2734375
2024-08-10 00:00:00+00:00,60952.0,60860.0,60611.4990901947,60358.140625
2024-08-11 00:00:00+00:00,58725.0,60952.0,60733.29932308197,60247.140625
2024-08-12 00:00:00+00:00,59362.0,58725.0,58387.62524574995,59126.55078125
2024-08-13 00:00:00+00:00,60620.0,59362.0,59086.98590874672,59229.734375
2024-08-14 00:00:00+00:00,58697.0,60620.0,60435.02050757408,60009.9296875
2024-08-15 00:00:00+00:00,57557.0,58697.0,58400.160109221935,58893.78125
2024-08-16 00:00:00+00:00,58883.0,57557.0,57210.58178681135,58275.96875
2024-08-17 00:00:00+00:00,59487.0,58883.0,58634.49918007851,59219.859375
2024-08-18 00:00:00+00:00,58430.0,59487.0,59283.38454544544,59389.80859375
2024-08-19 00:00:00+00:00,59497.0,58430.0,58167.6795989275,58601.8984375
2024-08-20 00:00:00+00:00,59012.0,59497.0,59311.73432338238,58660.71484375
2024-08-21 00:00:00+00:00,61159.0,59012.0,58799.16629099846,58012.54296875
2024-08-22 00:00:00+00:00,60383.0,61159.0,61086.28964006901,58825.140625
2024-08-23 00:00:00+00:00,64085.0,60383.0,60252.8166911006,59437.1796875
2024-08-24 00:00:00+00:00,64174.0,64085.0,64191.58668518066,62516.54296875
2024-08-25 00:00:00+00:00,64262.0,64174.0,64258.56461381912,63740.84765625
2024-08-26 00:00:00+00:00,62852.0,64262.0,64329.68164277077,64065.97265625
2024-08-27 00:00:00+00:00,59427.0,62852.0,62803.77050542832,63187.59765625
2024-08-28 00:00:00+00:00,59033.0,59427.0,59150.60442656279,60151.375
2024-08-29 00:00:00+00:00,59365.0,59033.0,58738.16251510382,59808.05859375
2024-08-30 00:00:00+00:00,59113.0,59365.0,59092.45952636004,60387.484375
2024-08-31 00:00:00+00:00,58967.0,59113.0,58828.33671045303,60576.359375
2024-09-01 00:00:00+00:00,57310.0,58967.0,58680.10148978233,60422.7890625
2024-09-02 00:00:00+00:00,59133.0,57310.0,56934.52646613121,58134.69921875
2024-09-03 00:00:00+00:00,57493.0,59133.0,58883.62387293577,59838.2578125
2024-09-04 00:00:00+00:00,57956.0,57493.0,57151.26082634926,58734.640625
2024-09-05 00:00:00+00:00,56158.0,57956.0,57661.15605735779,59247.421875
2024-09-06 00:00:00+00:00,53955.0,56158.0,55768.52416276932,57484.23828125
2024-09-07 00:00:00+00:00,54147.0,53955.0,53463.95696908236,55181.47265625
2024-09-08 00:00:00+00:00,54866.0,54147.0,53696.69847035408,54686.06640625
2024-09-09 00:00:00+00:00,57059.0,54866.0,54483.963970541954,55200.76171875
2024-09-10 00:00:00+00:00,57659.0,57059.0,56829.89628720284,57707.81640625
2024-09-11 00:00:00+00:00,57342.0,57659.0,57478.36128741503,57610.44921875
2024-09-12 00:00:00+00:00,58139.0,57342.0,57150.87385368347,57245.06640625
2024-09-13 00:00:00+00:00,60545.0,58139.0,58005.91652798653,58217.4765625
2024-09-14 00:00:00+00:00,60012.0,60545.0,60566.55875146389,60937.69140625
2024-09-15 00:00:00+00:00,59130.0,60012.0,59984.77192211151,59877.734375
2024-09-16 00:00:00+00:00,58212.0,59130.0,59037.26539134979,59308.58984375
2024-09-17 00:00:00+00:00,60316.0,58212.0,58055.29768681526,58682.421875
2024-09-18 00:00:00+00:00,61757.0,60316.0,60289.00788593292,60253.03515625
2024-09-19 00:00:00+00:00,62940.0,61757.0,61805.17698097229,61304.00390625
2024-09-20 00:00:00+00:00,63211.0,62940.0,63043.78945112229,62493.015625
2024-09-21 00:00:00+00:00,63364.0,63211.0,63304.02375257015,63208.375
2024-09-22 00:00:00+00:00,63563.0,63364.0,63439.39980983734,63353.390625
2024-09-23 00:00:00+00:00,63325.0,63563.0,63621.83773505688,63239.8515625
2024-09-24 00:00:00+00:00,64260.0,63325.0,63339.705312252045,63021.86328125
2024-09-25 00:00:00+00:00,63147.0,64260.0,64310.190868377686,64385.765625
2024-09-26 00:00:00+00:00,65175.0,63147.0,63095.2846391201,62973.08203125
2024-09-27 00:00:00+00:00,65781.0,65175.0,65235.99030375481,65152.95703125
2024-09-28 00:00:00+00:00,65876.0,65781.0,65848.70529198647,66097.5
2024-09-29 00:00:00+00:00,65601.0,65876.0,65919.08172893524,66410.6328125
2024-09-30 00:00:00+00:00,63302.0,65601.0,65597.5278096199,65987.125
2024-10-01 00:00:00+00:00,60807.0,63302.0,63127.894386291504,63226.89453125
2024-10-02 00:00:00+00:00,60634.0,60807.0,60473.91951155663,61161.390625
2024-10-03 00:00:00+00:00,60745.0,60634.0,60295.55698513985,61319.77734375
2024-10-04 00:00:00+00:00,62081.0,60745.0,60418.66049647331,61295.76953125
2024-10-05 00:00:00+00:00,62063.0,62081.0,61841.7856746316,62060.81640625
2024-10-06 00:00:00+00:00,62814.0,62063.0,61824.802039563656,61830.49609375
2024-10-07 00:00:00+00:00,62212.0,62814.0,62627.44740521908,62388.83203125
2024-10-08 00:00:00+00:00,62133.0,62212.0,61988.41494560242,61802.99609375
2024-10-09 00:00:00+00:00,60582.0,62133.0,61909.2581589818,61874.36328125
2024-10-10 00:00:00+00:00,60278.0,60582.0,60267.75906944275,60535.43359375
2024-10-11 00:00:00+00:00,62452.0,60278.0,59958.62448644638,60378.98828125
2024-10-12 00:00:00+00:00,63194.0,62452.0,62275.91048312187,62671.2109375
2024-10-13 00:00:00+00:00,62849.0,63194.0,63062.45707523823,63177.375
2024-10-14 00:00:00+00:00,66070.0,62849.0,62693.13633686304,62723.5625
2024-10-15 00:00:00+00:00,67061.0,66070.0,66119.26536679268,66396.9375
2024-10-16 00:00:00+00:00,67622.0,67061.0,67153.42203485966,67650.09375
2024-10-17 00:00:00+00:00,67392.0,67622.0,67728.13337182999,68053.0078125
2024-10-18 00:00:00+00:00,68420.0,67392.0,67454.58293151855,67522.3828125
2024-10-19 00:00:00+00:00,68359.0,68420.0,68523.84600639343,68900.53125
2024-10-20 00:00:00+00:00,69011.0,68359.0,68425.17825496197,68539.140625
2024-10-21 00:00:00+00:00,67340.0,69011.0,69089.96859514713,68934.4375
2024-10-22 00:00:00+00:00,67382.0,67340.0,67277.1482694149,67609.5234375
2024-10-23 00:00:00+00:00,66601.0,67382.0,67302.51781535149,67857.0390625
2024-10-24 00:00:00+00:00,68155.0,66601.0,66451.65482729673,66946.5
2024-10-25 00:00:00+00:00,66578.0,68155.0,68090.29481649399,68159.375
2024-10-26 00:00:00+00:00,67003.0,66578.0,66392.8443505764,66751.125
2024-10-27 00:00:00+00:00,67938.0,67003.0,66837.48551106453,67444.796875
2024-10-28 00:00:00+00:00,69918.0,67938.0,67820.52631545067,68430.078125
2024-10-29 00:00:00+00:00,72729.0,69918.0,69913.35330712795,69945.0859375
2024-10-30 00:00:00+00:00,72331.0,72729.0,72886.04788041115,73078.921875
2024-10-31 00:00:00+00:00,70231.0,72331.0,72425.37355935574,72545.53125
2024-11-01 00:00:00+00:00,69490.0,70231.0,70160.39315575361,70298.4765625
2024-11-02 00:00:00+00:00,69330.0,69490.0,69355.88855326176,69592.2265625
2024-11-03 00:00:00+00:00,68738.0,69330.0,69171.11373603344,69572.8828125
2024-11-04 00:00:00+00:00,67818.0,68738.0,68529.4942766428,69221.125
2024-11-05 00:00:00+00:00,69386.0,67818.0,67546.84871828556,68583.5859375
2024-11-06 00:00:00+00:00,75637.0,69386.0,69210.86433136463,69986.4296875
2024-11-07 00:00:00+00:00,75921.0,75637.0,75855.7345007658,74767.0234375
2024-11-08 00:00:00+00:00,76561.0,75921.0,76114.24602985382,76081.5
2024-11-09 00:00:00+00:00,76722.0,76561.0,76762.93918776512,77087.5078125
2024-11-10 00:00:00+00:00,80425.0,76722.0,76893.50532531738,77315.5390625
2024-11-11 00:00:00+00:00,88770.0,80425.0,80805.70634901524,81478.1875
2024-11-12 00:00:00+00:00,88031.0,88770.0,89683.4033381939,89750.4140625
2024-11-13 00:00:00+00:00,90521.0,88031.0,88771.8214108944,87917.578125
2024-11-14 00:00:00+00:00,87333.0,90521.0,91347.55394518375,90428.9609375
2024-11-15 00:00:00+00:00,91070.0,87333.0,87812.09943187237,88524.765625
2024-11-16 00:00:00+00:00,90608.0,91070.0,91728.72231960297,92493.8515625
2024-11-17 00:00:00+00:00,89861.0,90608.0,91119.44227981567,92144.8671875
2024-11-18 00:00:00+00:00,90512.0,89861.0,90224.7028541565,90790.234375
2024-11-19 00:00:00+00:00,92424.0,90512.0,90835.6853466034,92232.765625
2024-11-20 00:00:00+00:00,94373.0,92424.0,92794.88116264345,94614.84375
2024-11-21 00:00:00+00:00,98451.0,94373.0,94791.31389176846,97009.7578125
2024-11-22 00:00:00+00:00,99013.0,98451.0,99063.99731504916,101934.53125
2024-11-23 00:00:00+00:00,97775.0,99013.0,99557.31957101822,101973.609375
2024-11-24 00:00:00+00:00,98007.0,97775.0,98134.65957343578,99411.15625
2024-11-25 00:00:00+00:00,93035.0,98007.0,98300.45057237148,99449.90625
2024-11-26 00:00:00+00:00,91928.0,93035.0,92921.73133194448,93832.1953125
2024-11-27 00:00:00+00:00,95978.0,91928.0,91708.11425495148,92517.5
2024-11-28 00:00:00+00:00,95661.0,95978.0,95980.91757464407,97176.2578125
2024-11-29 00:00:00+00:00,97512.0,95661.0,95591.12965357304,96981.921875
2024-11-30 00:00:00+00:00,96441.0,97512.0,97527.50686454771,98520.4453125
2024-12-01 00:00:00+00:00,97291.0,96441.0,96345.9340928793,97844.75
2024-12-02 00:00:00+00:00,95859.0,97291.0,97222.34569233656,98474.203125
2024-12-03 00:00:00+00:00,95926.0,95859.0,95667.09020447732,96727.6328125
2024-12-04 00:00:00+00:00,98773.0,95926.0,95720.4224280119,96548.84375
2024-12-05 00:00:00+00:00,97057.0,98773.0,98729.18060594796,100278.90625
2024-12-06 00:00:00+00:00,99898.0,97057.0,96870.29336059092,98464.65625
2024-12-07 00:00:00+00:00,99929.0,99898.0,99875.06370973588,101389.8828125
2024-12-08 00:00:00+00:00,101204.0,99929.0,99874.07162344456,101322.265625
2024-12-09 00:00:00+00:00,97468.0,101204.0,101204.30161142348,102670.34375
2024-12-10 00:00:00+00:00,96648.0,97468.0,97197.11832118034,98469.9921875
2024-12-11 00:00:00+00:00,101201.0,96648.0,96319.30770778656,97061.3828125
2024-12-12 00:00:00+00:00,100068.0,101201.0,101147.28459781408,102326.859375
2024-12-13 00:00:00+00:00,101435.0,100068.0,99909.73152565956,101929.3515625
2024-12-14 00:00:00+00:00,101382.0,101435.0,101348.14320504664,103203.203125
2024-12-15 00:00:00+00:00,104427.0,101382.0,101267.48217523098,103360.359375
2024-12-16 00:00:00+00:00,106073.0,104427.0,104485.38425517082,106095.515625
2024-12-17 00:00:00+00:00,106187.0,106073.0,106198.95571911336,107943.640625
2024-12-18 00:00:00+00:00,100153.0,106187.0,106276.17896926405,107846.1875
2024-12-19 00:00:00+00:00,97375.0,100153.0,99815.67074799538,101870.625
2024-12-20 00:00:00+00:00,97760.0,97375.0,96867.89851635696,98650.8515625
2024-12-21 00:00:00+00:00,97211.0,97760.0,97281.85795783997,98677.8984375
2024-12-22 00:00:00+00:00,95098.0,97211.0,96703.24028873444,97846.8671875
2024-12-23 00:00:00+00:00,94750.0,95098.0,94478.88751125336,95476.875
2024-12-24 00:00:00+00:00,98596.0,94750.0,94138.0664408207,94117.7421875
2024-12-25 00:00:00+00:00,99374.0,98596.0,98239.04440975188,98275.7734375
2024-12-26 00:00:00+00:00,95687.0,99374.0,99071.08408510684,99525.21875
2024-12-27 00:00:00+00:00,94168.0,95687.0,95167.61511862278,95674.3125
2024-12-28 00:00:00+00:00,95139.0,94168.0,93585.94182252884,94396.640625
2024-12-29 00:00:00+00:00,93557.0,95139.0,94642.82846099138,95426.2890625
2024-12-30 00:00:00+00:00,92628.0,93557.0,92987.2057800889,92908.2890625
2024-12-31 00:00:00+00:00,93381.0,92628.0,92035.52411270142,92123.0546875
2025-01-01 00:00:00+00:00,94388.0,93381.0,92864.82016664743,92685.4375
2025-01-02 00:00:00+00:00,96907.0,94388.0,93957.71508169174,94271.171875
2025-01-03 00:00:00+00:00,98133.0,96907.0,96649.9516724348,96841.2109375
2025-01-04 00:00:00+00:00,98209.0,98133.0,97955.86335396768,99137.2734375
2025-01-05 00:00:00+00:00,98327.0,98209.0,98035.519374609,99543.953125
2025-01-06 00:00:00+00:00,102280.0,98327.0,98156.4171296358,99587.5625
2025-01-07 00:00:00+00:00,96946.0,102280.0,102355.26569843292,103433.4765625
2025-01-08 00:00:00+00:00,95065.0,96946.0,96646.35941421986,97731.484375
2025-01-09 00:00:00+00:00,92542.0,95065.0,94657.81856417656,94926.0625
2025-01-10 00:00:00+00:00,94702.0,92542.0,91990.88106656076,92043.515625
2025-01-11 00:00:00+00:00,94568.0,94702.0,94297.55309998988,94624.3125
2025-01-12 00:00:00+00:00,94497.0,94568.0,94160.32061100006,94654.4765625
2025-01-13 00:00:00+00:00,94505.0,94497.0,94096.0702239275,94983.203125
2025-01-14 00:00:00+00:00,96523.0,94505.0,94116.02317154408,95890.78125
2025-01-15 00:00:00+00:00,100512.0,96523.0,96267.64912223816,97362.609375
2025-01-16 00:00:00+00:00,99975.0,100512.0,100506.53023338318,101721.984375
2025-01-17 00:00:00+00:00,104119.0,99975.0,99911.0840409994,100925.3046875
2025-01-18 00:00:00+00:00,104436.0,104119.0,104311.58384752274,104674.46875
2025-01-19 00:00:00+00:00,101237.0,104436.0,104603.82251358032,104604.1328125
2025-01-20 00:00:00+00:00,102141.0,101237.0,101153.58931666613,101096.140625
2025-01-21 00:00:00+00:00,106149.0,102141.0,102093.1842352152,102331.1640625
2025-01-22 00:00:00+00:00,103632.0,106149.0,106328.39500486852,106101.6875
2025-01-23 00:00:00+00:00,103933.0,103632.0,103590.60826778412,104049.6875
2025-01-24 00:00:00+00:00,104855.0,103933.0,103880.1575921774,104080.234375
2025-01-25 00:00:00+00:00,104738.0,104855.0,104825.91322124004,105244.765625
2025-01-26 00:00:00+00:00,102573.0,104738.0,104665.14569211006,104609.1484375
2025-01-27 00:00:00+00:00,102090.0,102573.0,102331.73003607988,102351.1328125
2025-01-28 00:00:00+00:00,101292.0,102090.0,101802.82270789146,102041.8359375
2025-01-29 00:00:00+00:00,103747.0,101292.0,100942.73214769363,101365.671875
2025-01-30 00:00:00+00:00,104738.0,103747.0,103543.89298778772,103652.75
2025-01-31 00:00:00+00:00,102412.0,104738.0,104577.42086482048,104475.46875
2025-02-01 00:00:00+00:00,100638.0,102412.0,102087.5296075344,102801.1328125
2025-02-02 00:00:00+00:00,97675.0,100638.0,100203.77514517307,100756.75
2025-02-03 00:00:00+00:00,101457.0,97675.0,97071.16004675628,96840.7734375
2025-02-04 00:00:00+00:00,97786.0,101457.0,101101.82343310118,100051.3125
2025-02-05 00:00:00+00:00,96614.0,97786.0,97207.81282043456,97481.84375
2025-02-06 00:00:00+00:00,96573.0,96614.0,95995.23379349709,96879.3671875
2025-02-07 00:00:00+00:00,96535.0,96573.0,95982.13189190626,96960.625
2025-02-08 00:00:00+00:00,96472.0,96535.0,95970.0211828947,96455.859375
2025-02-09 00:00:00+00:00,96477.0,96472.0,95931.94316101074,96547.8828125
2025-02-10 00:00:00+00:00,97469.0,96477.0,95963.94816452263,96797.421875
2025-02-11 00:00:00+00:00,95754.0,97469.0,97041.2736325264,97254.3046875
2025-02-12 00:00:00+00:00,97882.0,95754.0,95241.99065709114,95484.625
2025-02-13 00:00:00+00:00,96627.0,97882.0,97526.0541255474,97451.6640625
2025-02-14 00:00:00+00:00,97520.0,96627.0,96204.28751510382,97006.015625
2025-02-15 00:00:00+00:00,97591.0,97520.0,97170.30546665192,97874.2421875
2025-02-16 00:00:00+00:00,96132.0,97591.0,97255.60469549894,97747.1484375
2025-02-17 00:00:00+00:00,95772.0,96132.0,95715.96242523192,96593.6875
2025-02-18 00:00:00+00:00,95612.0,95772.0,95350.62460899352,96448.1484375
2025-02-19 00:00:00+00:00,96642.0,95612.0,95196.16125679016,96175.0078125
2025-02-20 00:00:00+00:00,98337.0,96642.0,96302.12430632114,96721.6953125
2025-02-21 00:00:00+00:00,96131.0,98337.0,98107.10644590856,98693.03125
2025-02-22 00:00:00+00:00,96572.0,96131.0,95762.91990202664,97368.4921875
2025-02-23 00:00:00+00:00,96262.0,96572.0,96242.97905158997,97467.671875
2025-02-24 00:00:00+00:00,91554.0,96262.0,95917.50501692297,96480.0703125
2025-02-25 00:00:00+00:00,88576.0,91554.0,90934.94205451012,91042.5625
2025-02-26 00:00:00+00:00,84071.0,88576.0,87821.36880493164,87970.890625
2025-02-27 00:00:00+00:00,84639.0,84071.0,83112.25116539001,81976.59375
2025-02-28 00:00:00+00:00,84321.0,84639.0,83774.47951734066,82822.625
2025-03-01 00:00:00+00:00,86033.0,84321.0,83492.56199258566,82984.921875
2025-03-02 00:00:00+00:00,94273.0,86033.0,85358.010910213,85304.484375
2025-03-03 00:00:00+00:00,86160.0,94273.0,94137.79862612486,93916.6328125
2025-03-04 00:00:00+00:00,87240.0,86160.0,85531.35901451111,85217.0390625
2025-03-05 00:00:00+00:00,90611.0,87240.0,86732.10926771164,86397.90625
2025-03-06 00:00:00+00:00,89918.0,90611.0,90334.28274273872,90247.890625
2025-03-07 00:00:00+00:00,86759.0,89918.0,89609.83235871792,89828.3828125
2025-03-08 00:00:00+00:00,86192.0,86759.0,86276.91120916605,86458.546875
2025-03-09 00:00:00+00:00,80708.0,86192.0,85705.87967967987,85798.0546875
2025-03-10 00:00:00+00:00,78561.0,80708.0,79932.30012869835,80948.078125
2025-03-11 00:00:00+00:00,82869.0,78561.0,77722.49141138792,78506.6328125
2025-03-12 00:00:00+00:00,83620.0,82869.0,82325.14492213726,82924.484375
2025-03-13 00:00:00+00:00,81079.0,83620.0,83148.43054056168,83458.0625
2025-03-14 00:00:00+00:00,83975.0,81079.0,80491.12803393602,81457.390625
2025-03-15 00:00:00+00:00,84347.0,83975.0,83599.9478623271,83005.9609375
2025-03-16 00:00:00+00:00,82555.0,84347.0,84013.628267169,83018.296875
2025-03-17 00:00:00+00:00,84058.0,82555.0,82132.56613522768,81495.921875
2025-03-18 00:00:00+00:00,82715.0,84058.0,83752.33984720707,82787.9375
2025-03-19 00:00:00+00:00,86868.0,82715.0,82338.95899325609,81940.6640625
2025-03-20 00:00:00+00:00,84158.0,86868.0,86767.2412519455,85090.2890625
2025-03-21 00:00:00+00:00,84061.0,84158.0,83876.44026207924,83163.546875
2025-03-22 00:00:00+00:00,83823.0,84061.0,83784.7651913166,83322.0078125
2025-03-23 00:00:00+00:00,86084.0,83823.0,83535.77614688873,83593.40625
2025-03-24 00:00:00+00:00,87512.0,86084.0,85942.13793945312,85103.21875
2025-03-25 00:00:00+00:00,87436.0,87512.0,87449.97509717941,86368.234375
2025-03-26 00:00:00+00:00,86913.0,87436.0,87353.10963368416,86838.328125
2025-03-27 00:00:00+00:00,87219.0,86913.0,86783.5568831563,86660.03125
2025-03-28 00:00:00+00:00,84379.0,87219.0,87096.7587672472,86806.9296875
2025-03-29 00:00:00+00:00,82608.0,84379.0,84065.14655041695,84717.640625
2025-03-30 00:00:00+00:00,82359.0,82608.0,82190.13012599945,83203.1640625
2025-03-31 00:00:00+00:00,82538.0,82359.0,81935.94419503212,82629.3359375
2025-04-01 00:00:00+00:00,85170.0,82538.0,82135.1496899128,82463.671875
2025-04-02 00:00:00+00:00,82502.0,85170.0,84935.38320064545,84135.46875
2025-04-03 00:00:00+00:00,83132.0,82502.0,82103.46593523026,82753.1796875
2025-04-04 00:00:00+00:00,83851.0,83132.0,82788.54047846794,82739.9453125
2025-04-05 00:00:00+00:00,83507.0,83851.0,83558.1075348258,83376.4609375
2025-04-06 00:00:00+00:00,78342.0,83507.0,83198.38595336676,83349.7421875
2025-04-07 00:00:00+00:00,79127.0,78342.0,77736.22432672977,80476.046875
2025-04-08 00:00:00+00:00,76244.0,79127.0,78603.34513318539,80521.140625
2025-04-09 00:00:00+00:00,82595.0,76244.0,75580.16266846657,77880.3125
2025-04-10 00:00:00+00:00,79543.0,82595.0,82344.21020925045,82283.609375
2025-04-11 00:00:00+00:00,83384.0,79543.0,79105.91027587652,80227.71875
2025-04-12 00:00:00+00:00,85274.0,83384.0,83209.65478467941,82423.2578125
2025-04-13 00:00:00+00:00,83712.0,85274.0,85217.57157063484,83606.3125
2025-04-14 00:00:00+00:00,84583.0,83712.0,83546.28959655762,83347.453125
2025-04-15 00:00:00+00:00,83686.0,84583.0,84472.44911813736,84650.796875
2025-04-16 00:00:00+00:00,84046.0,83686.0,83508.33476948738,84138.4296875
2025-04-17 00:00:00+00:00,84954.0,84046.0,83885.39440488815,83722.8984375
2025-04-18 00:00:00+00:00,84468.0,84954.0,84841.08560192585,84553.0859375
2025-04-19 00:00:00+00:00,85069.0,84468.0,84308.3048222065,84597.1796875
2025-04-20 00:00:00+00:00,85198.0,85069.0,84938.02372008562,84951.1171875
2025-04-21 00:00:00+00:00,87505.0,85198.0,85060.39103055,85062.578125
2025-04-22 00:00:00+00:00,93481.0,87505.0,87500.54057270288,87328.5703125
2025-04-23 00:00:00+00:00,93730.0,93481.0,93844.18770301342,91890.8125
2025-04-24 00:00:00+00:00,94010.0,93730.0,94047.18176722528,93826.671875
2025-04-25 00:00:00+00:00,94726.0,94010.0,94292.69317746162,93505.21875
2025-04-26 00:00:00+00:00,94662.0,94726.0,95000.1863734722,95211.265625
2025-04-27 00:00:00+00:00,93769.0,94662.0,94870.82133364676,95406.6875
2025-04-28 00:00:00+00:00,95041.0,93769.0,93862.47157216072,94785.3125
2025-04-29 00:00:00+00:00,94285.0,95041.0,95170.25001716614,95775.984375
2025-04-30 00:00:00+00:00,94181.0,94285.0,94309.91829931736,94882.921875
2025-05-01 00:00:00+00:00,96535.0,94181.0,94156.55827653408,94902.8984375
2025-05-02 00:00:00+00:00,96925.0,96535.0,96622.95464098454,97083.5390625
2025-05-03 00:00:00+00:00,95916.0,96925.0,96988.93027603626,97044.6796875
2025-05-04 00:00:00+00:00,94316.0,95916.0,95870.063590765,96235.9375
2025-05-05 00:00:00+00:00,94725.0,94316.0,94134.61676335336,95149.3046875
2025-05-06 00:00:00+00:00,96814.0,94725.0,94547.69144654274,95068.9140625
2025-05-07 00:00:00+00:00,97054.0,96814.0,96746.98643934728,96610.640625
2025-05-08 00:00:00+00:00,103261.0,97054.0,96969.74338018894,96930.4140625
2025-05-09 00:00:00+00:00,102991.0,103261.0,103556.9244775772,102036.515625
2025-05-10 00:00:00+00:00,104809.0,102991.0,103200.88358795644,102676.8046875
2025-05-11 00:00:00+00:00,104129.0,104809.0,105092.193682909,104385.609375
2025-05-12 00:00:00+00:00,102796.0,104129.0,104301.82820546628,103958.5390625
2025-05-13 00:00:00+00:00,104135.0,102796.0,102827.28506994247,103138.203125
2025-05-14 00:00:00+00:00,103531.0,104135.0,104210.4017817974,104873.3125
2025-05-15 00:00:00+00:00,103793.0,103531.0,103515.20859402418,104218.0
2025-05-16 00:00:00+00:00,103506.0,103793.0,103753.94434207678,104551.21875
2025-05-17 00:00:00+00:00,103153.0,103506.0,103408.8313457966,104251.0390625
2025-05-18 00:00:00+00:00,106520.0,103153.0,103000.23690521716,103703.21875
2025-05-19 00:00:00+00:00,105622.0,106520.0,106555.22473335266,106375.328125
2025-05-20 00:00:00+00:00,106855.0,105622.0,105553.01323390008,105981.0
2025-05-21 00:00:00+00:00,109682.0,106855.0,106834.93747889996,107523.7265625
2025-05-22 00:00:00+00:00,111743.0,109682.0,109806.68428039552,110565.5703125
2025-05-23 00:00:00+00:00,107329.0,111743.0,111950.29834628104,112984.7890625
2025-05-24 00:00:00+00:00,107799.0,107329.0,107191.20840626956,108410.40625
2025-05-25 00:00:00+00:00,109068.0,107799.0,107668.15476107596,108941.2890625
2025-05-26 00:00:00+00:00,109468.0,109068.0,108985.0997657776,110333.703125
2025-05-27 00:00:00+00:00,108980.0,109468.0,109375.49789261818,110194.921875
2025-05-28 00:00:00+00:00,107811.0,108980.0,108825.01875519753,109840.078125
2025-05-29 00:00:00+00:00,105578.0,107811.0,107557.04946917295,109153.8125
2025-05-30 00:00:00+00:00,104034.0,105578.0,105171.05450165272,106320.6484375
2025-05-31 00:00:00+00:00,104646.0,104034.0,103533.1339277029,104811.7421875
2025-06-01 00:00:00+00:00,105705.0,104646.0,104188.73087346554,105690.2265625
2025-06-02 00:00:00+00:00,105905.0,105705.0,105316.41610890628,107011.46875
2025-06-03 00:00:00+00:00,105454.0,105905.0,105531.1968383193,107124.921875
2025-06-04 00:00:00+00:00,104745.0,105454.0,105057.32533800602,106291.921875
2025-06-05 00:00:00+00:00,101559.0,104745.0,104312.4462416768,105573.65625
2025-06-06 00:00:00+00:00,104393.0,101559.0,100946.53029692172,102694.953125
2025-06-07 00:00:00+00:00,105619.0,104393.0,103977.797852993,105185.015625
2025-06-08 00:00:00+00:00,105792.0,105619.0,105283.16020435096,106621.90625
2025-06-09 00:00:00+00:00,110307.0,105792.0,105472.40217590332,106947.9296875
2025-06-10 00:00:00+00:00,110292.0,110307.0,110275.59870958328,110707.640625
2025-06-11 00:00:00+00:00,108678.0,110292.0,110235.05674409866,111598.265625
2025-06-12 00:00:00+00:00,105731.0,108678.0,108500.26449465752,109666.3515625
2025-06-13 00:00:00+00:00,106118.0,105731.0,105358.2710404396,107143.9140625
2025-06-14 00:00:00+00:00,105464.0,106118.0,105772.35085618496,107519.1015625
2025-06-15 00:00:00+00:00,105617.0,105464.0,105074.27162837982,106404.6796875
2025-06-16 00:00:00+00:00,106829.0,105617.0,105239.50450819732,106269.7265625
2025-06-17 00:00:00+00:00,104584.0,106829.0,106527.72152000666,107324.1796875
2025-06-18 00:00:00+00:00,104922.0,104584.0,104139.96787309648,105770.734375
2025-06-19 00:00:00+00:00,104688.0,104922.0,104511.09779262544,105809.2890625
2025-06-20 00:00:00+00:00,103316.0,104688.0,104268.57324314116,105389.4609375
2025-06-21 00:00:00+00:00,102139.0,103316.0,102822.16856384276,103946.828125
2025-06-22 00:00:00+00:00,101015.0,102139.0,101591.759470284,103188.46875
2025-06-23 00:00:00+00:00,105464.0,101015.0,100424.48801398276,101954.4375
2025-06-24 00:00:00+00:00,106131.0,105464.0,105167.08026218414,105819.171875
2025-06-25 00:00:00+00:00,107418.0,106131.0,105873.14996749164,106955.9921875
2025-06-26 00:00:00+00:00,107004.0,107418.0,107242.44678890704,107743.765625
2025-06-27 00:00:00+00:00,107100.0,107004.0,106794.4019086361,107629.375
2025-06-28 00:00:00+00:00,107348.0,107100.0,106891.13949537276,107541.6953125
2025-06-29 00:00:00+00:00,108384.0,107348.0,107146.19322109222,107563.390625
2025-06-30 00:00:00+00:00,107179.0,108384.0,108236.35236167908,108814.5234375
2025-07-01 00:00:00+00:00,105709.0,107179.0,106937.2386686802,107907.5859375
2025-07-02 00:00:00+00:00,108885.0,105709.0,105367.35457402468,106432.546875
2025-07-03 00:00:00+00:00,109648.0,108885.0,108739.29184824228,108981.6796875
2025-07-04 00:00:00+00:00,108033.0,109648.0,109527.69396209715,109232.7734375
2025-07-05 00:00:00+00:00,108240.0,108033.0,107790.47138786316,108123.109375
2025-07-06 00:00:00+00:00,109233.0,108240.0,108002.064743042,108098.71875
2025-07-07 00:00:00+00:00,108287.0,109233.0,109042.81970250608,108942.515625
2025-07-08 00:00:00+00:00,108947.0,108287.0,108019.52287107706,108645.8671875
2025-07-09 00:00:00+00:00,111287.0,108947.0,108711.91336262226,109221.90625
2025-07-10 00:00:00+00:00,116031.0,111287.0,111184.19832384586,111244.640625
2025-07-11 00:00:00+00:00,117579.0,116031.0,116209.79208397864,116308.453125
2025-07-12 00:00:00+00:00,117464.0,117579.0,117809.48747491837,118004.609375
2025-07-13 00:00:00+00:00,119135.0,117464.0,117634.07800865172,118026.5703125
2025-07-14 00:00:00+00:00,119879.0,119135.0,119363.9504212141,120063.15625
2025-07-15 00:00:00+00:00,117769.0,119879.0,120094.4178674221,120724.1875
2025-07-16 00:00:00+00:00,118718.0,117769.0,117782.46355330944,117570.0
2025-07-17 00:00:00+00:00,119275.0,118718.0,118747.11125731468,118972.7578125
2025-07-18 00:00:00+00:00,118022.0,119275.0,119288.33712935448,119463.21875
2025-07-19 00:00:00+00:00,117916.0,118022.0,117905.13320362568,117825.6015625
2025-07-20 00:00:00+00:00,117339.0,117916.0,117756.50585103036,117669.9609375
2025-07-21 00:00:00+00:00,117437.0,117339.0,117110.143987298,117314.703125
2025-07-22 00:00:00+00:00,120011.0,117437.0,117189.38940489292,117500.8203125
2025-07-23 00:00:00+00:00,118813.0,120011.0,119903.05801546574,121015.8046875
2025-07-24 00:00:00+00:00,118347.0,118813.0,118592.56460410357,120249.125
2025-07-25 00:00:00+00:00,117653.0,118347.0,118078.18499064444,119407.6875
2025-07-26 00:00:00+00:00,117962.0,117653.0,117324.17612540722,118180.375
2025-07-27 00:00:00+00:00,119469.0,117962.0,117642.16306054592,118959.7890625
2025-07-28 00:00:00+00:00,118051.0,119469.0,119231.8168194294,120108.625
2025-07-29 00:00:00+00:00,117926.0,118051.0,117707.8775794506,118830.625
2025-07-30 00:00:00+00:00,117834.0,117926.0,117570.6731595993,118503.2421875
2025-07-31 00:00:00+00:00,115750.0,117834.0,117468.22555410862,118381.796875
2025-08-01 00:00:00+00:00,113243.0,115750.0,115254.3104737997,115144.1484375
2025-08-02 00:00:00+00:00,112522.0,113243.0,112607.269259274,112560.0234375
2025-08-03 00:00:00+00:00,114226.0,112522.0,111866.9770730734,112200.84375
2025-08-04 00:00:00+00:00,115051.0,114226.0,113697.23241043092,114308.6796875
2025-08-05 00:00:00+00:00,114133.0,115051.0,114586.91368049385,115316.9609375
2025-08-06 00:00:00+00:00,115030.0,114133.0,113626.9422764182,114430.90625
2025-08-07 00:00:00+00:00,117515.0,115030.0,114598.2093912363,115451.046875
2025-08-08 00:00:00+00:00,116675.0,117515.0,117246.91907435656,118459.5625
2025-08-09 00:00:00+00:00,116495.0,116675.0,116350.21692216396,117754.0703125
2025-08-10 00:00:00+00:00,119310.0,116495.0,116161.92732810974,117810.140625
2025-08-11 00:00:00+00:00,118712.0,119310.0,119153.79743635654,120643.0
2025-08-12 00:00:00+00:00,120107.0,118712.0,118500.37029886246,120507.78125
2025-08-13 00:00:00+00:00,123360.0,120107.0,119973.22813928127,121268.21875
2025-08-14 00:00:00+00:00,118394.0,123360.0,123413.3521270752,125020.8984375
2025-08-15 00:00:00+00:00,117446.0,118394.0,118090.55621051788,119600.2734375
2025-08-16 00:00:00+00:00,117460.0,117446.0,117080.63892745972,118263.46875
2025-08-17 00:00:00+00:00,117490.0,117460.0,117088.30133080482,117981.578125
2025-08-18 00:00:00+00:00,116265.0,117490.0,117114.39679205418,118023.21875
2025-08-19 00:00:00+00:00,112870.0,116265.0,115810.62501579525,117098.3515625
2025-08-20 00:00:00+00:00,114263.0,112870.0,112218.01040232182,113439.390625
2025-08-21 00:00:00+00:00,112472.0,114263.0,113718.6827851534,114569.59375
2025-08-22 00:00:00+00:00,116891.0,112472.0,111832.81437397005,112756.0703125
2025-08-23 00:00:00+00:00,115392.0,116891.0,116545.6893273592,116858.734375
2025-08-24 00:00:00+00:00,113478.0,115392.0,114952.96994018556,115873.390625
2025-08-25 00:00:00+00:00,110136.0,113478.0,112938.87652766705,114195.5390625
2025-08-26 00:00:00+00:00,111788.0,110136.0,109420.94251155852,111354.0625
2025-08-27 00:00:00+00:00,111273.0,111788.0,111206.67923378944,112012.671875
2025-08-28 00:00:00+00:00,112581.0,111273.0,110682.9231042266,111293.6015625
2025-08-29 00:00:00+00:00,108362.0,112581.0,112097.13004517557,112147.671875
2025-08-30 00:00:00+00:00,108827.0,108362.0,107645.45201730728,109126.6015625
2025-08-31 00:00:00+00:00,108269.0,108827.0,108181.6811285615,109009.2734375
2025-09-01 00:00:00+00:00,109244.0,108269.0,107622.65975117683,108438.1953125
2025-09-02 00:00:00+00:00,111238.0,109244.0,108690.20119333269,108884.90625
2025-09-03 00:00:00+00:00,111759.0,111238.0,110830.20330774784,111043.9609375
2025-09-04 00:00:00+00:00,110747.0,111759.0,111397.38831692934,111929.640625
2025-09-05 00:00:00+00:00,110669.0,110747.0,110335.68287104368,110856.28125
2025-09-06 00:00:00+00:00,110223.0,110669.0,110268.10461455584,110766.21875
2025-09-07 00:00:00+00:00,111144.0,110223.0,109805.4364761114,110463.125
2025-09-08 00:00:00+00:00,112098.0,111144.0,110795.0771226883,111201.8125
2025-09-09 00:00:00+00:00,111531.0,112098.0,111812.05589532852,111924.6484375
2025-09-10 00:00:00+00:00,113988.0,111531.0,111207.72580486536,111393.328125
2025-09-11 00:00:00+00:00,115533.0,113988.0,113820.5226187706,113402.1328125
2025-09-12 00:00:00+00:00,116108.0,115533.0,115447.67181426288,114996.125
2025-09-13 00:00:00+00:00,115981.0,116108.0,116036.91876292229,115987.453125
2025-09-14 00:00:00+00:00,115342.0,115981.0,115879.0262439847,115631.2578125
2025-09-15 00:00:00+00:00,115387.0,115342.0,115175.79195976256,115029.6875
2025-09-16 00:00:00+00:00,116837.0,115387.0,115203.23737496138,115087.4375
2025-09-17 00:00:00+00:00,116477.0,116837.0,116723.81365484,115870.046875
2025-09-18 00:00:00+00:00,117125.0,116477.0,116312.42637318373,115638.0625
2025-09-19 00:00:00+00:00,115702.0,117125.0,116980.06343096496,116523.3359375
2025-09-20 00:00:00+00:00,115759.0,115702.0,115440.8342177868,115570.9375
2025-09-21 00:00:00+00:00,115292.0,115759.0,115487.88717728852,115604.0390625
2025-09-22 00:00:00+00:00,112741.0,115292.0,114975.19675374033,115207.078125
2025-09-23 00:00:00+00:00,112025.0,112741.0,112258.96904730795,113213.9375
2025-09-24 00:00:00+00:00,113339.0,112025.0,111507.89680033922,112419.1015625
2025-09-25 00:00:00+00:00,109021.0,113339.0,112911.11818802357,113304.2109375
2025-09-26 00:00:00+00:00,109696.0,109021.0,108336.88692438602,109989.953125
2025-09-27 00:00:00+00:00,109679.0,109696.0,109084.28774261476,110298.1171875
2025-09-28 00:00:00+00:00,112203.0,109679.0,109087.23655843736,110133.171875
2025-09-29 00:00:00+00:00,114379.0,112203.0,111788.46216773988,111721.21875
2025-09-30 00:00:00+00:00,114065.0,114379.0,114107.45819175243,113350.078125
2025-10-01 00:00:00+00:00,118668.0,114065.0,113773.6372628808,113650.296875
2025-10-02 00:00:00+00:00,120612.0,118668.0,118670.3058514595,118103.359375
2025-10-03 00:00:00+00:00,122308.0,120612.0,120710.57605361938,120506.046875
2025-10-04 00:00:00+00:00,122441.0,122308.0,122482.2339849472,122137.0625
2025-10-05 00:00:00+00:00,123519.0,122441.0,122577.3130210638,122160.6875
2025-10-06 00:00:00+00:00,124728.0,123519.0,123679.1890565157,123627.828125
2025-10-07 00:00:00+00:00,121395.0,124728.0,124913.02655410768,125071.71875
2025-10-08 00:00:00+00:00,123345.0,121395.0,121302.26719379424,121305.3046875
2025-10-09 00:00:00+00:00,121695.0,123345.0,123342.95616209508,123702.4453125
2025-10-10 00:00:00+00:00,112996.0,121695.0,121536.79926216602,122067.515625
2025-10-11 00:00:00+00:00,110764.0,112996.0,112274.84735441208,114499.8046875
2025-10-12 00:00:00+00:00,115090.0,110764.0,109938.79010510445,112063.6328125
2025-10-13 00:00:00+00:00,115265.0,115090.0,114542.634973526,116859.65625
2025-10-14 00:00:00+00:00,113078.0,115265.0,114732.11664229631,116664.7421875
2025-10-15 00:00:00+00:00,110804.0,113078.0,112430.89509415628,114039.578125
2025-10-16 00:00:00+00:00,108206.0,110804.0,110053.49204039574,111974.4453125
2025-10-17 00:00:00+00:00,106476.0,108206.0,107345.18098127842,109299.265625
2025-10-18 00:00:00+00:00,107220.0,106476.0,105568.17638111116,106698.3359375
2025-10-19 00:00:00+00:00,108684.0,107220.0,106409.9200952053,107384.5234375
2025-10-20 00:00:00+00:00,110580.0,108684.0,108007.57276010512,109605.0546875
2025-10-21 00:00:00+00:00,108372.0,110580.0,110056.6549372673,111116.78125
2025-10-22 00:00:00+00:00,107595.0,108372.0,107747.0845928192,108686.953125
2025-10-23 00:00:00+00:00,110111.0,107595.0,106966.82439297438,107901.1015625
2025-10-24 00:00:00+00:00,111039.0,110111.0,109670.69949620962,110436.84375
2025-10-25 00:00:00+00:00,111668.0,111039.0,110673.47016888855,111760.21875
2025-10-26 00:00:00+00:00,114551.0,111668.0,111356.95501041412,112113.1640625
2025-10-27 00:00:00+00:00,114101.0,114551.0,114428.11376559734,114154.3828125
2025-10-28 00:00:00+00:00,112925.0,114101.0,113936.70266020298,113778.6953125
2025-10-29 00:00:00+00:00,110038.0,112925.0,112677.81609892844,112619.703125
2025-10-30 00:00:00+00:00,108306.0,110038.0,109607.18024611472,109850.609375
2025-10-31 00:00:00+00:00,109554.0,108306.0,107780.44797956944,107793.2421875
2025-11-01 00:00:00+00:00,110047.0,109554.0,109116.9127893448,109281.8046875
2025-11-02 00:00:00+00:00,110530.0,110047.0,109644.96662783624,110095.1484375
2025-11-03 00:00:00+00:00,106548.0,110530.0,110163.34580540656,110328.1171875
2025-11-04 00:00:00+00:00,101466.0,106548.0,105945.23072504996,107240.6875
2025-11-05 00:00:00+00:00,103865.0,101466.0,100598.5878471136,102535.4765625
2025-11-06 00:00:00+00:00,101284.0,103865.0,103184.41039711235,103957.265625
2025-11-07 00:00:00+00:00,103275.0,101284.0,100485.1121339798,101680.3984375
2025-11-08 00:00:00+00:00,102286.0,103275.0,102640.27043133974,103240.140625
2025-11-09 00:00:00+00:00,104705.0,102286.0,101627.1212977171,101981.71875
2025-11-10 00:00:00+00:00,105972.0,104705.0,104232.73828744888,104086.03125
2025-11-11 00:00:00+00:00,103015.0,105972.0,105599.47629618645,105828.1796875
2025-11-12 00:00:00+00:00,101635.0,103015.0,102478.71733546256,102586.1171875
2025-11-13 00:00:00+00:00,99618.0,101635.0,101049.3023070693,101953.5859375
2025-11-14 00:00:00+00:00,94509.0,99618.0,98946.50601553915,100372.6953125
2025-11-15 00:00:00+00:00,95539.0,94509.0,93588.26875162125,96354.859375
2025-11-16 00:00:00+00:00,94187.0,95539.0,94739.11248379946,97063.046875
2025-11-17 00:00:00+00:00,92102.0,94187.0,93359.38667368887,95462.984375
2025-11-18 00:00:00+00:00,92911.0,92102.0,91215.87894570827,93003.953125
2025-11-19 00:00:00+00:00,91474.0,92911.0,92133.92360013723,93459.1953125
2025-11-20 00:00:00+00:00,86527.0,91474.0,90670.23103106022,92272.5234375
2025-11-21 00:00:00+00:00,85060.0,86527.0,85514.93027567863,86534.40625
2025-11-22 00:00:00+00:00,84679.0,85060.0,84052.17086791992,84036.390625
2025-11-23 00:00:00+00:00,86803.0,84679.0,83727.90409696102,83611.4375
2025-11-24 00:00:00+00:00,88277.0,86803.0,86042.7527205944,87323.78125
2025-11-25 00:00:00+00:00,87331.0,88277.0,87660.96317464113,88355.28125
2025-11-26 00:00:00+00:00,90477.0,87331.0,86711.5289079547,87400.3125
2025-11-27 00:00:00+00:00,91325.0,90477.0,90096.4212217927,89006.375
2025-11-28 00:00:00+00:00,90913.0,91325.0,91023.65369796751,90050.984375
2025-11-29 00:00:00+00:00,90832.0,90913.0,90608.70520430803,89779.375
2025-11-30 00:00:00+00:00,90382.0,90832.0,90541.70624637604,90093.328125
2025-12-01 00:00:00+00:00,86291.0,90382.0,90076.39565563202,89611.5625
2025-12-02 00:00:00+00:00,91300.0,86291.0,85750.89226096869,86458.1875
2025-12-03 00:00:00+00:00,93472.0,91300.0,91092.77229309082,90342.671875
2025-12-04 00:00:00+00:00,92103.0,93472.0,93395.47729682922,93134.9921875
2025-12-05 00:00:00+00:00,89348.0,92103.0,91929.11164301634,91593.5546875
2025-12-06 00:00:00+00:00,89249.0,89348.0,89000.08676505089,89675.53125
2025-12-07 00:00:00+00:00,90405.0,89249.0,88905.06302940845,89389.015625
2025-12-08 00:00:00+00:00,90649.0,90405.0,90135.31884223224,90282.8984375
2025-12-09 00:00:00+00:00,92695.0,90649.0,90392.45534032585,90310.4296875
2025-12-10 00:00:00+00:00,92036.0,92695.0,92564.30488198996,92365.75
2025-12-11 00:00:00+00:00,92531.0,92036.0,91849.50565814972,91470.9375
2025-12-12 00:00:00+00:00,90275.0,92531.0,92369.89874756336,92094.6171875
2025-12-13 00:00:00+00:00,90264.0,90275.0,89961.98756098747,89892.5390625
2025-12-14 00:00:00+00:00,88164.0,90264.0,89953.89332342148,89616.1875
2025-12-15 00:00:00+00:00,86412.0,88164.0,87727.23726797104,88418.9765625
2025-12-16 00:00:00+00:00,87843.0,86412.0,85884.57270669937,87281.7578125
2025-12-17 00:00:00+00:00,86215.0,87843.0,87421.27839642763,88160.234375
2025-12-18 00:00:00+00:00,85460.0,86215.0,85707.94290065765,86912.3828125
2025-12-19 00:00:00+00:00,88095.0,85460.0,84932.72414088249,85659.984375
2025-12-20 00:00:00+00:00,88324.0,88095.0,87750.13328254223,87649.1015625
2025-12-21 00:00:00+00:00,88636.0,88324.0,88002.96953105927,87984.734375
2025-12-22 00:00:00+00:00,88539.0,88636.0,88345.53949427605,88015.1875
2025-12-23 00:00:00+00:00,87423.0,88539.0,88249.88116675615,88191.34375
2025-12-24 00:00:00+00:00,87605.0,87423.0,87071.56166768074,86971.2734375
2025-12-25 00:00:00+00:00,87172.0,87605.0,87275.80535769463,86932.390625
2025-12-26 00:00:00+00:00,87296.0,87172.0,86824.10625934601,86638.1796875
2025-12-27 00:00:00+00:00,87810.0,87296.0,86964.50112915039,86616.3671875
2025-12-28 00:00:00+00:00,87870.0,87810.0,87517.3212146759,87341.8828125
2025-12-29 00:00:00+00:00,87119.0,87870.0,87585.32309174538,87147.859375
2025-12-30 00:00:00+00:00,88390.0,87119.0,86792.38454836607,86496.0703125
2025-12-31 00:00:00+00:00,87496.0,88390.0,88149.1947478056,87476.375
2026-01-01 00:00:00+00:00,88728.0,87496.0,87199.01182794571,86987.4140625
2026-01-02 00:00:00+00:00,89952.0,88728.0,88510.63321352005,87860.25
2026-01-03 00:00:00+00:00,90590.0,89952.0,89805.8814868927,89390.8125
2026-01-04 00:00:00+00:00,91501.0,90590.0,90474.28689837456,89376.5234375
2026-01-05 00:00:00+00:00,93876.0,91501.0,91430.89576733112,90276.5625
2026-01-06 00:00:00+00:00,93712.0,93876.0,93940.17976140976,93379.875
2026-01-07 00:00:00+00:00,91273.0,93712.0,93731.80678749084,93570.984375
2026-01-08 00:00:00+00:00,91031.0,91273.0,91108.44196462633,90901.0
2026-01-09 00:00:00+00:00,90510.0,91031.0,90837.5297384858,90729.375
2026-01-10 00:00:00+00:00,90382.0,90510.0,90269.045920372,90058.9765625
2026-01-11 00:00:00+00:00,90872.0,90382.0,90123.0109847784,89868.4453125
2026-01-12 00:00:00+00:00,91195.0,90872.0,90635.94274806976,90305.765625
2026-01-13 00:00:00+00:00,95366.0,91195.0,90969.60552036762,90668.7734375
2026-01-14 00:00:00+00:00,96942.0,95366.0,95396.6722483635,94880.09375
2026-01-15 00:00:00+00:00,95577.0,96942.0,97042.2516567707,95616.0546875
2026-01-16 00:00:00+00:00,95521.0,95577.0,95551.9111468792,94756.328125
2026-01-17 00:00:00+00:00,95113.0,95521.0,95467.78289967775,94814.9765625
2026-01-18 00:00:00+00:00,93636.0,95113.0,95006.38546526432,94591.7265625
2026-01-19 00:00:00+00:00,92560.0,93636.0,93412.157197237,93778.765625
2026-01-20 00:00:00+00:00,88316.0,92560.0,92257.00603485107,92734.53125
2026-01-21 00:00:00+00:00,89374.0,88316.0,87752.47358226776,88156.09375
2026-01-22 00:00:00+00:00,89464.0,89374.0,88893.3139603138,89089.65625
2026-01-23 00:00:00+00:00,89493.0,89464.0,88998.3420624733,89431.671875
2026-01-24 00:00:00+00:00,89089.0,89493.0,89043.4284183383,89308.140625
2026-01-25 00:00:00+00:00,86567.0,89089.0,88631.1828494072,89096.6015625
2026-01-26 00:00:00+00:00,88247.0,86567.0,85979.44895118475,87370.421875
2026-01-27 00:00:00+00:00,89135.0,88247.0,87790.04874670506,88364.359375
2026-01-28 00:00:00+00:00,89168.0,89135.0,88748.94102722406,89120.4609375
2026-01-29 00:00:00+00:00,84530.0,89168.0,88799.81004714966,89024.9375
2026-01-30 00:00:00+00:00,84130.0,84530.0,83902.4646550417,85645.9375
2026-01-31 00:00:00+00:00,78635.0,84130.0,83520.54800212383,84828.5234375
2026-02-01 00:00:00+00:00,76888.0,78635.0,77752.92323231697,80110.890625
2026-02-02 00:00:00+00:00,78666.0,76888.0,75976.79475212097,77736.8125
2026-02-03 00:00:00+00:00,75662.0,78666.0,77912.88015854359,80328.6796875
2026-02-04 00:00:00+00:00,73000.0,75662.0,74797.08673489094,77187.859375
2026-02-05 00:00:00+00:00,62795.0,73000.0,72064.25273418427,74537.8046875
2026-02-06 00:00:00+00:00,70531.0,62795.0,61445.170040130615,64698.390625
2026-02-07 00:00:00+00:00,69246.0,70531.0,69661.21855086088,72632.15625
2026-02-08 00:00:00+00:00,70283.0,69246.0,68372.98828089237,71576.9453125
2026-02-09 00:00:00+00:00,70094.0,70283.0,69548.7600992918,72193.3671875
2026-02-10 00:00:00+00:00,68802.0,70094.0,69418.8008826971,70854.828125
2026-02-11 00:00:00+00:00,67053.0,68802.0,68121.05884194374,69377.1796875
2026-02-12 00:00:00+00:00,66207.0,67053.0,66341.22100585699,66770.40625
2026-02-13 00:00:00+00:00,68812.0,66207.0,65513.5500934124,65080.0859375
2026-02-14 00:00:00+00:00,69791.0,68812.0,68324.52265954018,68312.4765625
2026-02-15 00:00:00+00:00,68792.0,69791.0,69402.26035749912,69551.40625
2026-02-16 00:00:00+00:00,68867.0,68792.0,68379.4542298317,68918.5
2026-02-17 00:00:00+00:00,67468.0,68867.0,68495.01544225216,69148.8359375
2026-02-18 00:00:00+00:00,66425.0,67468.0,67041.9078874588,67816.859375
2026-02-19 00:00:00+00:00,66973.0,66425.0,65970.31708806753,66864.2734375
2026-02-20 00:00:00+00:00,67992.0,66973.0,66582.66784280539,66791.4375
2026-02-21 00:00:00+00:00,67966.0,67992.0,67685.79475450516,67678.609375
2026-02-22 00:00:00+00:00,67612.0,67966.0,67674.94949018955,67229.578125
2026-02-23 00:00:00+00:00,64630.0,67612.0,67315.61041116714,66747.5234375
2026-02-24 00:00:00+00:00,64059.0,64630.0,64172.53782272339,64302.4296875
2026-02-25 00:00:00+00:00,67994.0,64059.0,63599.09613096714,64166.19921875
2026-02-26 00:00:00+00:00,67488.0,67994.0,67792.97508692741,67653.703125
2026-02-27 00:00:00+00:00,65868.0,67488.0,67257.56545829773,67806.9375
2026-02-28 00:00:00+00:00,66985.0,65868.0,65550.29316687584,66235.8515625
2026-03-01 00:00:00+00:00,65771.0,66985.0,66752.56180852652,67040.25
2026-03-02 00:00:00+00:00,68821.0,65771.0,65469.94777691364,65881.578125
2026-03-03 00:00:00+00:00,68336.0,68821.0,68722.18158519268,68481.25
2026-03-04 00:00:00+00:00,72691.0,68336.0,68198.02228069305,68307.953125
2026-03-05 00:00:00+00:00,70896.0,72691.0,72831.87409818172,71857.84375
2026-03-06 00:00:00+00:00,68114.0,70896.0,70887.49782943726,70765.5
2026-03-07 00:00:00+00:00,67269.0,68114.0,67916.33918404579,68371.15625
2026-03-08 00:00:00+00:00,65975.0,67269.0,67020.98158425093,67757.8984375
2026-03-09 00:00:00+00:00,68453.0,65975.0,65645.26294916868,66405.03125
2026-03-10 00:00:00+00:00,69963.0,68453.0,68281.14956265688,68549.140625
2026-03-11 00:00:00+00:00,70196.0,69963.0,69876.77860379219,69563.9140625
2026-03-12 00:00:00+00:00,70529.0,70196.0,70112.69640779495,70504.21875
2026-03-13 00:00:00+00:00,70949.0,70529.0,70456.17239880562,71305.15625
2026-03-14 00:00:00+00:00,71218.0,70949.0,70889.89703416824,71465.75
2026-03-15 00:00:00+00:00,72831.0,71218.0,71160.38789701462,72081.625
2026-03-16 00:00:00+00:00,74876.0,72831.0,72859.59025990963,73454.78125
2026-03-17 00:00:00+00:00,73928.0,74876.0,75012.30764436722,75714.421875
2026-03-18 00:00:00+00:00,71259.0,73928.0,73965.84261131287,74683.1328125
2026-03-19 00:00:00+00:00,69921.0,71259.0,71100.088996768,71723.578125
2026-03-20 00:00:00+00:00,70502.0,69921.0,69669.87610816956,70317.109375
2026-03-21 00:00:00+00:00,68910.0,70502.0,70281.714027524,70924.0390625
2026-03-22 00:00:00+00:00,67860.0,68910.0,68584.74668741226,69668.453125
2026-03-23 00:00:00+00:00,70883.0,67860.0,67477.87833094597,68523.0078125
2026-03-24 00:00:00+00:00,70519.0,70883.0,70693.91631758213,71510.7890625
2026-03-25 00:00:00+00:00,71301.0,70519.0,70300.28336876631,71601.2421875
2026-03-26 00:00:00+00:00,68779.0,71301.0,71133.60183995962,72426.2578125
2026-03-27 00:00:00+00:00,66359.0,68779.0,68452.77437925339,69469.5546875
2026-03-28 00:00:00+00:00,66321.0,66359.0,65901.48991429806,66803.4296875
2026-03-29 00:00:00+00:00,65954.0,66321.0,65883.74242562056,66690.296875
2026-03-30 00:00:00+00:00,66731.0,65954.0,65514.979315161705,66216.3828125
2026-03-31 00:00:00+00:00,68215.0,66731.0,66359.31267786026,66958.7265625
2026-04-01 00:00:00+00:00,68102.0,68215.0,67949.75086957216,67870.0
2026-04-02 00:00:00+00:00,66890.0,68102.0,67838.40802061558,67744.4296875
2026-04-03 00:00:00+00:00,66944.0,66890.0,66564.79606688023,67048.1015625
2026-04-04 00:00:00+00:00,67290.0,66944.0,66637.2235031128,66675.5390625
2026-04-05 00:00:00+00:00,68999.0,67290.0,67017.09337055683,66620.3828125
2026-04-06 00:00:00+00:00,68857.0,68999.0,68841.2876803875,67557.5625
2026-04-07 00:00:00+00:00,71940.0,68857.0,68689.08498710394,67961.1640625
2026-04-08 00:00:00+00:00,71110.0,71940.0,71969.2095708847,71292.7265625
2026-04-09 00:00:00+00:00,71812.0,71110.0,71064.05480861664,70694.953125
2026-04-10 00:00:00+00:00,72980.0,71812.0,71799.89523029327,70939.765625
2026-04-11 00:00:00+00:00,73071.0,72980.0,73024.60435628891,72068.75
2026-04-12 00:00:00+00:00,70746.0,73071.0,73095.72108578682,72238.2421875
2026-04-13 00:00:00+00:00,74447.0,70746.0,70597.63645362854,70407.3671875
2026-04-14 00:00:00+00:00,74184.0,74447.0,74525.85236680508,74166.8203125
2026-04-15 00:00:00+00:00,74818.0,74184.0,74208.57586956024,74078.890625
2026-04-16 00:00:00+00:00,75178.0,74818.0,74857.79658079147,74840.515625
2026-04-17 00:00:00+00:00,77108.0,75178.0,75211.59822297096,75223.1171875
2026-04-18 00:00:00+00:00,75737.0,77108.0,77239.0685839653,77088.2421875
2026-04-19 00:00:00+00:00,73825.0,75737.0,75737.55074179173,76088.1875
2026-04-20 00:00:00+00:00,75870.0,73825.0,73677.07908153534,74372.421875
2026-04-21 00:00:00+00:00,76345.0,75870.0,75836.72562003136,75863.4765625
2026-04-22 00:00:00+00:00,78208.0,76345.0,76313.05082291365,75982.4921875
2026-04-23 00:00:00+00:00,78269.0,78208.0,78270.31573486328,77704.5234375
2026-04-24 00:00:00+00:00,77466.0,78269.0,78300.66735005379,77752.6484375
2026-04-25 00:00:00+00:00,77639.0,77466.0,77415.68030047417,77469.15625
2026-04-26 00:00:00+00:00,78660.0,77639.0,77577.25796020031,77988.203125
2026-04-27 00:00:00+00:00,77373.0,78660.0,78640.07386922836,79134.5859375
2026-04-28 00:00:00+00:00,76323.0,77373.0,77242.72153919935,77405.140625
2026-04-29 00:00:00+00:00,75745.0,76323.0,76111.60752797127,76553.296875
2026-04-30 00:00:00+00:00,76310.0,75745.0,75488.29561263323,75855.9296875
2026-05-01 00:00:00+00:00,78232.0,76310.0,76082.31012046337,76118.9921875
2026-05-02 00:00:00+00:00,78690.0,78232.0,78116.903403759,78045.765625
2026-05-03 00:00:00+00:00,78565.0,78690.0,78588.24885964394,78683.3359375
2026-05-04 00:00:00+00:00,79844.0,78565.0,78441.06866806746,78312.375
2026-05-05 00:00:00+00:00,80913.0,79844.0,79788.62818264961,80303.6171875
2026-05-06 00:00:00+00:00,81447.0,80913.0,80905.19190198183,81657.234375
2026-05-07 00:00:00+00:00,80017.0,81447.0,81449.47585594654,82688.90625
2026-05-08 00:00:00+00:00,80199.0,80017.0,79901.36626404524,81302.7578125
2026-05-09 00:00:00+00:00,80665.0,80199.0,80080.44066345692,81580.6328125
2026-05-10 00:00:00+00:00,82193.0,80665.0,80557.82948672771,81740.6875
2026-05-11 00:00:00+00:00,81736.0,82193.0,82164.2423735857,83195.4765625
2026-05-12 00:00:00+00:00,80491.0,81736.0,81652.0873374939,83030.3359375
2026-05-13 00:00:00+00:00,79284.0,80491.0,80310.59443849325,81541.75
2026-05-14 00:00:00+00:00,81075.0,79284.0,79016.94626927376,80172.71875
2026-05-15 00:00:00+00:00,79062.0,81075.0,80914.9976938963,81719.8515625
2026-05-16 00:00:00+00:00,78118.0,79062.0,78762.20727789402,79887.1953125
2026-05-17 00:00:00+00:00,77412.0,78118.0,77764.16172468662,79017.7421875
2026-05-18 00:00:00+00:00,76949.0,77412.0,77021.49823951721,78463.453125
2026-05-19 00:00:00+00:00,76757.0,76949.0,76541.96947687864,77897.796875
2026-05-20 00:00:00+00:00,77470.5,76757.0,76352.60008382797,77474.765625
2026-05-21 00:00:00+00:00,77554.0,77470.5,77122.76227381825,78003.3203125
2026-05-22 00:00:00+00:00,75451.01,77554.0,77221.9185744524,78209.4453125
2026-05-23 00:00:00+00:00,76655.99,75451.01,75004.4304993242,76098.2890625
2026-05-24 00:00:00+00:00,76974.88,76655.99,76304.30541739166,77014.0
2026-05-25 00:00:00+00:00,77254.92,76974.88,76654.32598549844,77305.2265625
2026-05-26 00:00:00+00:00,75820.94,77254.92,76963.11225696802,77407.6328125
2026-05-27 00:00:00+00:00,74330.48,75820.94,75451.55663324238,76252.296875
2026-05-28 00:00:00+00:00,73519.16,74330.48,73890.19154919624,74782.2734375
2026-05-29 00:00:00+00:00,73373.29,73519.16,73053.73453830481,73718.703125
2026-05-30 00:00:00+00:00,73762.15,73373.29,72923.10646819531,73480.40625
2026-05-31 00:00:00+00:00,73567.99,73762.15,73357.4812033236,74130.8671875
2026-06-01 00:00:00+00:00,71313.86,73567.99,73171.23136595786,73823.96875
2026-06-02 00:00:00+00:00,66668.6,71313.86,70805.95134987593,71670.640625
2026-06-03 00:00:00+00:00,64045.64,66668.6,65933.76070855856,66915.234375
2026-06-04 00:00:00+00:00,63814.8,64045.64,63225.24641377449,63388.97265625
2026-06-05 00:00:00+00:00,61042.14,63814.8,63040.50065310002,63450.65625
2026-06-06 00:00:00+00:00,60858.64,61042.14,60180.5644087851,60711.57421875
2026-06-07 00:00:00+00:00,63315.72,60858.64,60057.41441609382,60664.53515625
2026-06-08 00:00:00+00:00,63061.78,63315.72,62708.72415487289,63004.73046875
2026-06-09 00:00:00+00:00,61685.44,63061.78,62490.39357778787,62482.82421875
2026-06-10 00:00:00+00:00,61456.49,61685.44,61089.20166238785,61537.515625
2026-06-11 00:00:00+00:00,63558.21,61456.49,60901.102941483856,61288.609375
2026-06-12 00:00:00+00:00,63531.04,63558.21,63170.410276561975,62979.7578125
2026-06-13 00:00:00+00:00,64440.0,63531.04,63173.49553035736,63497.49609375
2026-06-14 00:00:00+00:00,65712.5,64440.0,64167.24835395813,64113.53125
2026-06-15 00:00:00+00:00,66282.05,65712.5,65538.5249003768,65315.53515625
2026-06-16 00:00:00+00:00,65612.86,66282.05,66153.63981137575,66192.546875
2026-06-17 00:00:00+00:00,64443.27,65612.86,65446.83348251462,65587.0859375
2026-06-18 00:00:00+00:00,62889.92,64443.27,64210.34075023234,64923.0390625
2026-06-19 00:00:00+00:00,63487.34,62889.92,62571.33606981277,63496.2109375
2026-06-20 00:00:00+00:00,64245.72,63487.34,63218.17409701586,63855.80859375
2026-06-21 00:00:00+00:00,63237.18,64245.72,64029.4157132864,64224.2890625
2026-06-22 00:00:00+00:00,63948.96,63237.18,62963.31908128381,63428.765625
2026-06-23 00:00:00+00:00,62651.43,63948.96,63728.1088950634,63966.29296875
2026-06-24 00:00:00+00:00,60987.0,62651.43,62354.92529135227,63006.45703125
2026-06-25 00:00:00+00:00,59696.26,60987.0,60603.91772890091,61879.1796875
2026-06-26 00:00:00+00:00,60019.38,59696.26,59257.8395447886,60705.66015625
2026-06-27 00:00:00+00:00,59940.07,60019.38,59623.37596279264,60918.57421875
2026-06-28 00:00:00+00:00,59473.29,59940.07,59559.28735997975,61000.40234375
2026-06-29 00:00:00+00:00,60163.86,59473.29,59086.28079880357,60614.546875
2026-06-30 00:00:00+00:00,58526.17,60163.86,59840.00064452291,60889.8125
2026-07-01 00:00:00+00:00,59963.46,58526.17,58123.19684999168,59309.6796875
2026-07-02 00:00:00+00:00,61479.1,59963.46,59671.74189818859,60246.171875
2026-07-03 00:00:00+00:00,62522.46,61479.1,61293.84790445566,61432.53125
2026-07-04 00:00:00+00:00,63086.18,62522.46,62408.548130782845,62445.1171875
2026-07-05 00:00:00+00:00,63587.06,63086.18,63007.61376797914,63152.74609375
2026-07-06 00:00:00+00:00,64000.1,63587.06,63536.59123980999,63676.8984375
2026-07-07 00:00:00+00:00,63902.77,64000.1,63966.87393490076,64121.13671875
